,id,rating
0,590668,9.5
1,52652,9.78
2,793248,9.94
3,792318,9.76
4,701701,9.91
5,764060,9.84
6,791034,9.73
7,717249,9.81
8,786457,9.62
9,775225,9.9
10,763576,9.84
11,725044,9.86
12,785023,9.79
13,768347,9.7
14,722846,9.83
15,784527,9.37
16,763952,9.82
17,697770,9.61
18,793318,9.89
19,790561,9.82
20,387120,9.67
21,788548,9.85
22,743367,9.72
23,703099,9.89
24,773874,9.9
25,769025,9.88
26,792942,8.32
27,789803,9.65
28,751743,9.83
29,695997,9.89
30,773869,9.9
31,771384,9.76
32,734597,9.78
33,629035,9.91
34,781316,9.81
35,789001,9.44
36,770963,9.75
37,780808,9.9
38,779079,9.86
39,786475,9.83
40,760822,9.26
41,735071,9.58
42,773599,8.27
43,726814,9.45
44,740906,8.9
45,787265,9.47
46,794396,9.56
47,793202,9.73
48,794306,9.77
49,693881,9.76
50,752489,9.78
51,775195,7.73
52,779637,9.24
53,791651,9.5
54,754613,9.64
55,680949,9.71
56,785970,9.86
57,151594,9.79
58,719808,9.88
59,786401,9.92
60,678060,9.86
61,732808,9.77
62,789225,9.8
63,15067,9.71
64,762676,9.92
65,763837,9.71
66,788789,9.79
67,756652,9.81
68,750510,9.86
69,792489,9.02
70,792319,9.81
71,769225,9.89
72,767318,9.79
73,791249,9.85
74,698052,9.86
75,535499,9.86
76,792301,9.39
77,792018,9.88
78,716112,9.69
79,773528,8.35
80,785631,9.79
81,788214,9.85
82,793611,9.77
83,259033,9.87
84,738712,9.59
85,759080,9.94
86,536153,9.87
87,792261,7.74
88,785031,9.73
89,742684,9.77
90,32604,9.7
91,696711,9.56
92,790497,9.12
93,721651,8.98
94,752779,9.84
95,793033,9.57
96,772018,9.86
97,735680,9.89
98,788273,8.8
99,789083,9.91
100,666779,9.73
101,772171,9.7
102,729113,9.89
103,762329,9.83
104,768130,9.84
105,733288,9.84
106,683018,9.78
107,699830,9.94
108,792220,9.9
109,739343,9.91
110,694186,9.9
111,784103,9.75
112,724777,9.0
113,753982,9.92
114,710956,9.88
115,740571,9.78
116,696751,9.82
117,706093,9.87
118,694721,9.91
119,734996,9.74
120,787358,9.76
121,770167,9.77
122,505064,9.88
123,792374,9.35
124,770880,9.72
125,651073,9.38
126,746160,9.8
127,745132,8.75
128,789413,9.74
129,727118,9.76
130,791969,9.84
131,753355,9.92
132,650314,9.86
133,761762,9.78
134,764879,5.88
135,729599,9.78
136,790119,9.62
137,444331,9.9
138,633228,9.36
139,702263,9.84
140,776987,9.82
141,792516,9.6
142,763144,9.74
143,784471,9.92
144,643799,9.9
145,791662,9.46
146,741819,9.68
147,676543,9.89
148,724301,9.91
149,777721,9.8
150,742512,9.7
151,752299,9.69
152,731775,9.89
153,739377,9.69
154,740498,9.92
155,773518,9.63
156,697354,9.51
157,529199,9.84
158,775255,9.82
159,771467,9.68
160,764433,9.77
161,781584,9.84
162,658375,9.84
163,577099,9.86
164,728359,9.91
165,598564,9.89
166,726448,9.58
167,735351,9.88
168,640763,9.87
169,751333,8.7
170,752750,9.81
171,790199,9.7
172,791562,9.73
173,738133,9.78
174,766848,9.94
175,720170,8.98
176,732973,9.74
177,752287,8.87
178,761336,9.93
179,748404,9.38
180,781320,8.9
181,773414,9.88
182,785438,9.65
183,735601,9.89
184,778595,9.91
185,733319,9.53
186,734698,9.9
187,788673,9.33
188,740905,9.72
189,786879,9.93
190,469363,9.87
191,772265,9.85
192,735482,9.88
193,745633,9.45
194,778157,9.63
195,780731,9.57
196,774928,9.76
197,735401,9.74
198,766257,9.66
199,30915,9.67
200,774514,9.8
201,739130,9.91
202,738312,9.82
203,778860,8.6
204,751022,9.44
205,753389,9.91
206,786583,8.67
207,786576,9.88
208,726947,9.89
209,144179,9.78
210,702428,9.75
211,771340,9.88
212,725573,9.85
213,766322,9.79
214,694389,9.65
215,769711,9.78
216,779856,8.63
217,768113,9.89
218,787594,8.77
219,700523,9.88
220,730209,9.73
221,763290,9.89
222,602595,9.77
223,3955,9.87
224,774882,9.92
225,719639,9.51
226,727810,9.86
227,706952,9.57
228,725931,9.86
229,771573,9.75
230,772780,9.93
231,647374,9.9
232,776390,9.92
233,773477,9.86
234,467221,9.27
235,686651,9.84
236,749432,9.89
237,704260,9.82
238,757738,9.65
239,732989,9.39
240,723990,9.91
241,764699,9.92
242,670588,9.9
243,781143,9.77
244,751850,9.84
245,749518,9.91
246,528126,8.81
247,723677,9.89
248,726786,9.9
249,758264,9.74
250,593324,9.46
251,748498,9.89
252,784559,8.12
253,762038,9.66
254,784363,8.93
255,774701,9.76
256,774959,9.85
257,768515,9.86
258,710573,9.9
259,734851,9.57
260,683920,9.77
261,659094,9.28
262,747122,9.54
263,771630,9.79
264,760291,9.9
265,758635,9.84
266,770776,9.91
267,756412,9.74
268,674748,9.87
269,757564,9.64
270,720749,9.89
271,746291,8.57
272,710021,9.88
273,725551,9.89
274,777670,9.79
275,745424,9.82
276,726801,9.75
277,778028,8.78
278,709495,9.68
279,649787,9.64
280,714766,9.9
281,769610,9.87
282,774342,9.23
283,739954,9.85
284,638547,9.87
285,726849,9.9
286,759574,9.46
287,771602,9.63
288,775786,9.21
289,741318,9.44
290,651930,9.86
291,510642,9.83
292,730718,9.9
293,707110,9.61
294,743517,9.9
295,690345,9.75
296,755833,9.4
297,758039,9.68
298,696151,9.87
299,696143,9.82
300,759944,9.87
301,715767,9.87
302,742739,9.73
303,711932,9.86
304,657462,8.68
305,730213,9.65
306,708689,9.86
307,623167,9.87
308,735404,9.87
309,662035,9.51
310,738251,9.83
311,744814,9.19
312,738837,9.11
313,639103,9.78
314,652979,9.36
315,252462,9.81
316,650217,9.9
317,748137,9.08
318,725895,9.7
319,720361,9.89
320,761392,8.88
321,742047,9.41
322,768527,9.66
323,571611,9.87
324,735084,9.51
325,748529,9.87
326,732035,9.65
327,729633,9.83
328,725333,9.73
329,699710,9.84
330,716544,9.86
331,747827,9.85
332,720220,9.85
333,745163,9.9
334,738355,9.89
335,756288,9.61
336,735218,9.9
337,718741,9.9
338,748367,9.89
339,743945,9.61
340,549250,9.88
341,538946,9.88
342,765050,9.13
343,753868,9.23
344,741611,9.82
345,746960,9.84
346,756791,9.66
347,714912,9.89
348,751809,7.87
349,730667,9.9
350,662078,9.68
351,707284,9.9
352,736603,9.68
353,489602,9.9
354,381107,9.85
355,660616,9.69
356,432405,8.85
357,680275,9.88
358,748959,9.49
359,695447,9.9
360,480222,9.87
361,752323,9.78
362,729024,9.54
363,723029,9.88
364,650919,9.59
365,728729,9.85
366,711595,9.78
367,717735,8.99
368,758756,9.66
369,704479,9.88
370,702873,9.88
371,737271,9.68
372,660396,9.9
373,735701,9.87
374,676897,9.9
375,691516,9.61
376,732508,9.88
377,677861,9.66
378,714086,9.83
379,753796,8.89
380,750978,8.73
381,711211,9.65
382,719850,9.64
383,734894,9.83
384,676323,9.87
385,691899,9.72
386,671295,9.77
387,708152,9.65
388,731116,9.74
389,719513,9.89
390,713166,9.83
391,708497,9.9
392,711103,9.85
393,663704,9.89
394,698186,9.76
395,735531,9.19
396,641763,9.82
397,473320,9.88
398,696396,9.63
399,580923,9.82
400,736513,9.52
401,729714,9.77
402,739996,9.37
403,746040,9.36
404,740663,9.46
405,716536,9.75
406,681368,9.74
407,718842,9.85
408,726178,9.84
409,728687,9.9
410,694488,9.68
411,726483,9.9
412,736405,9.62
413,15061,8.24
414,586962,9.87
415,534359,9.85
416,665298,9.85
417,732992,9.89
418,729682,9.86
419,742780,9.1
420,725458,9.89
421,731061,9.9
422,689516,9.66
423,650221,9.43
424,740283,9.31
425,246222,9.88
426,735012,9.88
427,727585,9.89
428,684245,9.65
429,722273,9.68
430,742282,9.44
431,713746,9.89
432,709148,9.89
433,671389,9.78
434,645955,9.82
435,695821,8.83
436,62812,9.78
437,734259,9.87
438,712853,9.7
439,729900,9.88
440,723835,9.9
441,723972,9.89
442,706431,9.9
443,681867,9.9
444,721777,9.87
445,554417,9.88
446,707818,9.89
447,729455,9.88
448,710795,9.9
449,721470,9.89
450,701501,9.85
451,694936,9.87
452,677397,9.77
453,719280,9.81
454,725741,9.88
455,729646,9.89
456,734352,9.85
457,730659,9.89
458,685992,9.81
459,728287,9.34
460,703871,9.86
461,664865,9.85
462,735118,9.6
463,730013,9.89
464,731552,9.62
465,730723,9.79
466,579528,9.88
467,699968,9.88
468,696829,9.72
469,695949,9.88
470,667870,9.9
471,732079,9.87
472,692651,9.89
473,560898,9.61
474,625322,9.89
475,662856,9.89
476,726993,8.88
477,729300,9.23
478,674251,9.9
479,676201,9.67
480,676874,9.54
481,723140,9.89
482,725776,9.73
483,730666,8.24
484,707219,9.73
485,680803,9.9
486,731548,9.76
487,617644,9.83
488,723753,9.57
489,727120,9.68
490,704410,9.87
491,709544,9.89
492,700346,9.82
493,368748,9.38
494,707782,9.82
495,723062,9.8
496,727743,9.84
497,688336,9.9
498,620081,9.76
499,720228,9.84
500,686292,9.8
501,717464,9.63
502,709619,9.78
503,719186,9.3
504,723171,8.29
505,31326,9.76
506,623932,9.84
507,722579,9.79
508,694119,9.9
509,717561,9.85
510,714138,8.06
511,726895,9.71
512,711961,9.84
513,690666,9.9
514,721909,9.69
515,69917,9.38
516,726658,9.5
517,700474,9.36
518,693373,9.9
519,702895,9.48
520,545533,9.77
521,723191,9.74
522,610847,9.87
523,694281,9.88
524,706947,9.76
525,722672,9.43
526,718909,9.67
527,715245,9.21
528,723876,9.88
529,716488,9.84
530,670883,9.81
531,478683,9.85
532,678392,9.61
533,684452,9.84
534,525252,9.9
535,704088,9.89
536,535351,9.73
537,700762,9.82
538,705780,9.59
539,263535,9.76
540,681150,9.87
541,661452,9.87
542,663501,9.85
543,689881,9.88
544,617420,9.88
545,654376,9.81
546,678677,9.29
547,500357,9.89
548,713125,9.85
549,684279,9.75
550,717190,9.79
551,710226,9.85
552,713656,9.8
553,708765,9.67
554,35650,9.4
555,676370,9.79
556,686862,9.08
557,395012,9.84
558,670323,9.85
559,703302,9.89
560,694652,9.9
561,670273,9.84
562,669931,9.82
563,547641,9.75
564,632053,9.87
565,710330,9.8
566,57013,9.52
567,67004,9.47
568,695325,9.89
569,563777,7.12
570,654294,9.85
571,659766,9.85
572,703704,9.86
573,684760,9.71
574,704524,9.89
575,349085,9.86
576,658182,9.88
577,709825,9.79
578,700792,9.89
579,695510,9.73
580,645601,9.79
581,709792,9.71
582,698432,9.84
583,700071,9.89
584,624005,9.88
585,704437,9.89
586,707461,9.8
587,641188,9.89
588,671120,9.87
589,640087,9.85
590,681115,9.88
591,704601,9.16
592,435986,8.92
593,697350,9.54
594,685409,9.89
595,699991,9.88
596,678706,9.88
597,692629,9.89
598,698569,9.82
599,692704,9.88
600,696178,9.87
601,697358,9.86
602,679260,9.88
603,699857,9.77
604,619875,9.77
605,663860,9.9
606,702700,9.88
607,696360,9.68
608,698710,9.66
609,677106,9.86
610,677475,9.69
611,700260,9.87
612,702464,9.59
613,698139,9.84
614,694224,9.4
615,641818,9.87
616,681642,9.89
617,696140,9.85
618,695233,9.87
619,697415,9.79
620,624242,9.73
621,694217,9.89
622,691931,9.88
623,657661,9.87
624,693974,9.88
625,699965,9.71
626,58544,9.74
627,691818,9.76
628,167100,9.81
629,91487,9.85
630,478396,9.86
631,652425,9.68
632,666075,9.88
633,337062,9.01
634,613404,9.86
635,695722,9.84
636,540040,9.79
637,690959,9.9
638,642560,9.77
639,700622,9.56
640,583376,9.29
641,626810,9.52
642,700397,9.69
643,697307,9.83
644,677409,9.79
645,653487,9.87
646,621263,9.8
647,657803,9.9
648,170844,9.54
649,113092,9.58
650,676343,9.79
651,692525,9.74
652,601290,9.84
653,569322,9.36
654,618729,9.84
655,689172,9.87
656,690677,9.85
657,537254,9.89
658,657433,9.8
659,692665,9.86
660,657945,9.89
661,650473,9.89
662,395713,9.84
663,206059,9.66
664,692161,9.64
665,664058,9.86
666,8345,8.81
667,656114,9.89
668,694308,9.47
669,654314,9.86
670,675087,9.72
671,659030,9.88
672,673406,9.84
673,652892,9.63
674,650450,9.88
675,690788,9.88
676,676841,9.89
677,671484,9.9
678,608052,9.89
679,676747,9.8
680,686552,9.89
681,647257,9.86
682,681630,9.86
683,32095,9.79
684,686801,9.88
685,686262,7.45
686,8351,9.63
687,144595,9.82
688,658003,9.81
689,15060,8.97
690,612045,9.85
691,674183,9.03
692,660147,9.88
693,15071,9.09
694,608313,9.87
695,621846,9.74
696,675328,9.87
697,677338,9.86
698,658467,9.87
699,651656,9.85
700,677402,9.86
701,572002,9.81
702,667340,9.64
703,457696,9.26
704,170787,9.78
705,515626,9.75
706,8347,9.76
707,680608,9.86
708,665269,9.88
709,628100,9.88
710,507102,9.74
711,483451,9.86
712,548157,9.85
713,639039,9.85
714,500919,9.86
715,661416,9.74
716,674571,9.85
717,484069,9.87
718,616123,9.84
719,644375,9.85
720,66465,9.85
721,664433,9.54
722,655066,9.75
723,663203,9.56
724,174173,9.76
725,637480,9.76
726,649039,9.82
727,572765,9.83
728,656228,9.85
729,624685,9.83
730,607885,9.55
731,577341,9.39
732,145340,9.31
733,658991,9.77
734,485250,9.86
735,334923,9.77
736,650255,9.85
737,440440,9.67
738,623504,9.87
739,244832,9.53
740,581093,9.86
741,659259,9.79
742,663394,9.83
743,15068,9.71
744,541386,9.65
745,38881,9.85
746,563217,9.77
747,650833,9.8
748,618667,9.5
749,52445,9.67
750,588536,9.71
751,50005,9.37
752,630814,9.86
753,660027,9.85
754,87843,9.81
755,639588,9.86
756,652844,9.83
757,483837,9.85
758,632888,9.86
759,579845,9.86
760,255075,9.7
761,161886,9.81
762,652120,9.87
763,651609,9.2
764,596091,9.87
765,660010,9.85
766,456758,9.86
767,652612,9.85
768,625534,9.85
769,539198,9.84
770,619753,9.86
771,50301,9.86
772,656046,9.85
773,648399,9.79
774,641814,9.84
775,538964,9.87
776,602141,9.78
777,622620,9.64
778,654035,9.69
779,650908,9.86
780,498587,9.9
781,653482,9.85
782,601715,9.88
783,466852,9.85
784,636777,9.86
785,540996,9.83
786,458125,9.86
787,656449,9.85
788,610485,9.86
789,643646,9.85
790,632213,9.7
791,471370,8.52
792,643642,9.86
793,553064,9.64
794,648250,9.78
795,456200,9.56
796,540244,9.87
797,628340,9.85
798,322640,9.66
799,559412,9.87
800,629092,9.8
801,586461,9.78
802,569995,9.55
803,632306,9.87
804,622483,9.76
805,509253,9.68
806,556850,9.88
807,637414,9.85
808,375604,9.49
809,35386,9.57
810,595762,9.8
811,623300,8.77
812,628987,9.85
813,603306,9.87
814,639731,9.82
815,617033,9.84
816,616887,9.85
817,431960,9.86
818,51315,8.66
819,472735,9.87
820,50002,9.35
821,623512,9.85
822,228794,9.83
823,627858,7.76
824,384311,9.81
825,339817,9.82
826,138998,9.85
827,299206,9.78
828,308437,9.68
829,622115,9.83
830,623934,9.86
831,484162,9.86
832,631198,9.85
833,627709,9.89
834,556407,9.76
835,622630,9.74
836,629107,9.84
837,631424,9.5
838,620670,9.75
839,625157,9.87
840,626362,9.85
841,627269,9.85
842,603061,9.86
843,76662,9.75
844,622493,9.49
845,489014,9.87
846,216455,9.87
847,579609,9.76
848,620072,9.85
849,629074,9.84
850,605727,9.86
851,118831,9.79
852,542975,9.54
853,601979,9.62
854,581532,9.81
855,605242,9.78
856,494912,9.63
857,619376,9.69
858,603358,9.88
859,626105,9.87
860,565523,9.87
861,601128,9.86
862,613972,9.63
863,50855,9.61
864,554584,9.86
865,603671,9.39
866,143884,9.35
867,585092,9.86
868,508084,9.58
869,538068,9.85
870,603683,9.86
871,582634,9.39
872,556538,9.86
873,614517,9.79
874,530875,9.86
875,585566,9.74
876,500035,9.85
877,602180,9.85
878,381651,9.67
879,562584,9.77
880,586495,9.46
881,591084,9.87
882,82160,9.85
883,587799,9.8
884,499733,9.81
885,347418,9.81
886,425789,9.85
887,528439,9.87
888,470883,9.78
889,546910,9.75
890,130886,9.7
891,507103,9.8
892,71525,9.6
893,420943,9.77
894,414009,9.86
895,381277,9.78
896,497022,9.03
897,62955,9.8
898,548888,9.77
899,8325,9.85
900,327056,9.8
901,422147,9.85
902,141181,9.71
903,60014,9.62
904,69310,9.8
905,504378,9.84
906,501790,9.8
907,317992,9.86
908,390669,9.6
909,504579,9.8
910,525144,9.62
911,519068,9.62
912,471227,9.67
913,493424,9.86
914,494743,9.59
915,466467,9.85
916,429264,8.78
917,106459,9.52
918,434296,9.85
919,510547,9.85
920,282983,9.64
921,132240,9.83
922,524503,9.37
923,528919,9.76
924,510466,9.52
925,52990,9.78
926,248012,8.65
927,15058,9.85
928,521745,9.66
929,509822,9.79
930,498604,9.78
931,487054,9.7
932,118526,9.74
933,50900,9.59
934,503807,9.84
935,53004,9.33
936,489330,9.41
937,474645,9.84
938,448178,9.83
939,226285,9.57
940,395963,9.41
941,109103,9.43
942,58094,9.76
943,483819,9.73
944,387741,9.5
945,61817,9.44
946,456144,9.77
947,143606,9.74
948,319784,9.8
949,456566,9.78
950,471042,9.61
951,54409,9.75
952,349406,9.17
953,51334,9.66
954,34265,9.5
955,450054,9.58
956,68039,9.38
957,85213,9.03
958,82722,9.57
959,35363,9.72
960,792936,8.07
961,792598,9.17
962,791034,9.73
963,725044,9.86
964,785023,9.79
965,722846,9.83
966,784527,9.37
967,697770,9.61
968,793318,9.89
969,790561,9.82
970,788548,9.85
971,773874,9.9
972,789803,9.65
973,708203,9.89
974,734597,9.78
975,781316,9.81
976,779079,9.86
977,760822,9.26
978,787215,9.56
979,793202,9.73
980,791651,9.5
981,754613,9.64
982,785970,9.86
983,719808,9.88
984,726538,9.89
985,794285,9.75
986,790963,9.85
987,678060,9.86
988,762676,9.92
989,763837,9.71
990,751722,9.86
991,525722,9.87
992,792319,9.81
993,767318,9.79
994,787797,9.39
995,791249,9.85
996,792301,9.39
997,773528,8.35
998,742684,9.77
999,695377,9.16
1000,32604,9.7
1001,696711,9.56
1002,752779,9.84
1003,665388,9.6
1004,789083,9.91
1005,762329,9.83
1006,772801,9.9
1007,694457,9.79
1008,768130,9.84
1009,683018,9.78
1010,782821,9.58
1011,699830,9.94
1012,792220,9.9
1013,708577,9.91
1014,710956,9.88
1015,787437,9.67
1016,750174,9.79
1017,750498,9.43
1018,734996,9.74
1019,755963,8.9
1020,770880,9.72
1021,771693,9.71
1022,651073,9.38
1023,746160,9.8
1024,787723,9.6
1025,761762,9.78
1026,444331,9.9
1027,777158,9.84
1028,784100,9.69
1029,792304,8.16
1030,704714,9.53
1031,786243,9.59
1032,792516,9.6
1033,784471,9.92
1034,643799,9.9
1035,790905,9.71
1036,791662,9.46
1037,741819,9.68
1038,724301,9.91
1039,742512,9.7
1040,709951,9.89
1041,773518,9.63
1042,788767,9.71
1043,529199,9.84
1044,773909,9.79
1045,786167,9.49
1046,728359,9.91
1047,598564,9.89
1048,762851,9.37
1049,776326,9.34
1050,726448,9.58
1051,769078,9.3
1052,735351,9.88
1053,752750,9.81
1054,619149,9.9
1055,608389,9.82
1056,775319,9.31
1057,786977,8.95
1058,785836,9.61
1059,769583,9.71
1060,720170,8.98
1061,767315,9.93
1062,752287,8.87
1063,748404,9.38
1064,708286,9.78
1065,781320,8.9
1066,778539,9.47
1067,735601,9.89
1068,778595,9.91
1069,740905,9.72
1070,786879,9.93
1071,735482,9.88
1072,784404,9.74
1073,779347,8.87
1074,778157,9.63
1075,774928,9.76
1076,738312,9.82
1077,751022,9.44
1078,785734,9.6
1079,144179,9.78
1080,156825,9.55
1081,787725,9.02
1082,764906,9.61
1083,771340,9.88
1084,694389,9.65
1085,769711,9.78
1086,765597,9.7
1087,714267,9.85
1088,786305,9.77
1089,700523,9.88
1090,787068,9.55
1091,719639,9.51
1092,771573,9.75
1093,772780,9.93
1094,734553,9.88
1095,757738,9.65
1096,723990,9.91
1097,764699,9.92
1098,752071,9.75
1099,781143,9.77
1100,528126,8.81
1101,758264,9.74
1102,762038,9.66
1103,722368,9.77
1104,784419,8.12
1105,734851,9.57
1106,683920,9.77
1107,659094,9.28
1108,771630,9.79
1109,758635,9.84
1110,773228,9.43
1111,775483,9.02
1112,770776,9.91
1113,778113,8.37
1114,739577,9.65
1115,720749,9.89
1116,768587,9.88
1117,769552,9.89
1118,726801,9.75
1119,709495,9.68
1120,709983,9.61
1121,711652,9.9
1122,740504,9.4
1123,772127,9.12
1124,651930,9.86
1125,758643,9.59
1126,546476,9.85
1127,753802,9.59
1128,727117,8.14
1129,743517,9.9
1130,760492,9.22
1131,690345,9.75
1132,758039,9.68
1133,696151,9.87
1134,759944,9.87
1135,742739,9.73
1136,657462,8.68
1137,691102,9.9
1138,717229,9.9
1139,757464,8.27
1140,745579,9.65
1141,730213,9.65
1142,623167,9.87
1143,744814,9.19
1144,718173,9.89
1145,738837,9.11
1146,745693,9.74
1147,725895,9.7
1148,720361,9.89
1149,700967,9.9
1150,763918,9.69
1151,705911,9.78
1152,571611,9.87
1153,735084,9.51
1154,732035,9.65
1155,759755,9.26
1156,725333,9.73
1157,750497,9.2
1158,716544,9.86
1159,747827,9.85
1160,745163,9.9
1161,735218,9.9
1162,757942,9.16
1163,748367,9.89
1164,745225,9.84
1165,538946,9.88
1166,753868,9.23
1167,628014,9.87
1168,736603,9.68
1169,654778,9.64
1170,744521,9.25
1171,680275,9.88
1172,736419,9.88
1173,695447,9.9
1174,480222,9.87
1175,615398,9.86
1176,704098,9.88
1177,729024,9.54
1178,723029,9.88
1179,705068,9.67
1180,721396,9.43
1181,668564,9.24
1182,705244,9.62
1183,737271,9.68
1184,660396,9.9
1185,671476,9.9
1186,691516,9.61
1187,732508,9.88
1188,677861,9.66
1189,714086,9.83
1190,753796,8.89
1191,460900,9.87
1192,738821,9.83
1193,751036,8.68
1194,719850,9.64
1195,734894,9.83
1196,733799,9.83
1197,691899,9.72
1198,671295,9.77
1199,713166,9.83
1200,708497,9.9
1201,711103,9.85
1202,735988,9.65
1203,735531,9.19
1204,641763,9.82
1205,580923,9.82
1206,721425,9.89
1207,745099,9.2
1208,659061,9.13
1209,675866,9.9
1210,716536,9.75
1211,681368,9.74
1212,726178,9.84
1213,728687,9.9
1214,690378,9.87
1215,733973,9.89
1216,734786,9.83
1217,15061,8.24
1218,534359,9.85
1219,732992,9.89
1220,729682,9.86
1221,725458,9.89
1222,735012,9.88
1223,737664,9.79
1224,738692,9.06
1225,698191,9.9
1226,733303,9.89
1227,722273,9.68
1228,663697,8.76
1229,740247,8.71
1230,734947,9.3
1231,733629,9.71
1232,710680,8.16
1233,738393,8.12
1234,62812,9.78
1235,728806,9.88
1236,723835,9.9
1237,706431,9.9
1238,721777,9.87
1239,554018,9.85
1240,701501,9.85
1241,724700,9.85
1242,694936,9.87
1243,677397,9.77
1244,719280,9.81
1245,725741,9.88
1246,736647,8.1
1247,730659,9.89
1248,685992,9.81
1249,735383,9.76
1250,664865,9.85
1251,718115,9.44
1252,730013,9.89
1253,579528,9.88
1254,699968,9.88
1255,560898,9.61
1256,625322,9.89
1257,713995,9.55
1258,662856,9.89
1259,708446,9.89
1260,674251,9.9
1261,676874,9.54
1262,729564,9.83
1263,713821,9.68
1264,707219,9.73
1265,680803,9.9
1266,720707,9.89
1267,697798,9.89
1268,700346,9.82
1269,368748,9.38
1270,620081,9.76
1271,731056,9.86
1272,720228,9.84
1273,717464,9.63
1274,723171,8.29
1275,710709,9.88
1276,710408,9.46
1277,623932,9.84
1278,722579,9.79
1279,726637,9.76
1280,726895,9.71
1281,69917,9.38
1282,566902,9.9
1283,721910,9.88
1284,706947,9.76
1285,719694,8.44
1286,718909,9.67
1287,722529,9.84
1288,641353,9.88
1289,710966,9.85
1290,324948,9.87
1291,701514,9.82
1292,721362,8.15
1293,715660,9.9
1294,722159,9.59
1295,718471,8.93
1296,708599,9.25
1297,717451,9.88
1298,539017,9.86
1299,708717,9.68
1300,617420,9.88
1301,666504,9.67
1302,625361,9.37
1303,584696,9.88
1304,710383,9.83
1305,714582,9.75
1306,690937,9.84
1307,500357,9.89
1308,555996,9.69
1309,684279,9.75
1310,710226,9.85
1311,708765,9.67
1312,550145,9.55
1313,680672,9.81
1314,670323,9.85
1315,670273,9.84
1316,710330,9.8
1317,67004,9.47
1318,695325,9.89
1319,654294,9.85
1320,700869,9.85
1321,349085,9.86
1322,658182,9.88
1323,469893,8.68
1324,705776,9.81
1325,709792,9.71
1326,698432,9.84
1327,676900,9.69
1328,686682,9.85
1329,700071,9.89
1330,31285,9.74
1331,701295,9.88
1332,708418,9.85
1333,707461,9.8
1334,641188,9.89
1335,705188,9.85
1336,701730,9.81
1337,684800,9.61
1338,640087,9.85
1339,681115,9.88
1340,435986,8.92
1341,685409,9.89
1342,699991,9.88
1343,618749,9.82
1344,699857,9.77
1345,555616,9.89
1346,663860,9.9
1347,698710,9.66
1348,379105,9.78
1349,702606,9.73
1350,700260,9.87
1351,697415,9.79
1352,695373,9.88
1353,569599,8.95
1354,664402,9.75
1355,691931,9.88
1356,695180,9.89
1357,657661,9.87
1358,58544,9.74
1359,676044,9.87
1360,690124,8.61
1361,652425,9.68
1362,613404,9.86
1363,678762,9.89
1364,596397,9.85
1365,697279,9.71
1366,642560,9.77
1367,583376,9.29
1368,626810,9.52
1369,611087,9.83
1370,700925,8.95
1371,675548,9.51
1372,693382,9.85
1373,8356,8.86
1374,684964,9.76
1375,697262,9.85
1376,690677,9.85
1377,687824,9.36
1378,657433,9.8
1379,657945,9.89
1380,650473,9.89
1381,668396,9.68
1382,625877,9.86
1383,664058,9.86
1384,678189,9.88
1385,665933,9.89
1386,656114,9.89
1387,694308,9.47
1388,690437,9.89
1389,654314,9.86
1390,624240,9.13
1391,675087,9.72
1392,680801,9.89
1393,68287,9.82
1394,673406,9.84
1395,652892,9.63
1396,484353,9.88
1397,690788,9.88
1398,690541,9.81
1399,663282,9.84
1400,676841,9.89
1401,608052,9.89
1402,689035,9.06
1403,676747,9.8
1404,556531,9.68
1405,686552,9.89
1406,641902,9.46
1407,676788,9.89
1408,50367,9.87
1409,662746,9.74
1410,686801,9.88
1411,658003,9.81
1412,15060,8.97
1413,664482,9.59
1414,686259,9.86
1415,612045,9.85
1416,660147,9.88
1417,15071,9.09
1418,675328,9.87
1419,677338,9.86
1420,627020,9.84
1421,457696,9.26
1422,677884,9.75
1423,83861,9.77
1424,628856,9.84
1425,507102,9.74
1426,536622,9.87
1427,548157,9.85
1428,659525,9.85
1429,612240,9.81
1430,484069,9.87
1431,659337,9.85
1432,642354,9.75
1433,644375,9.85
1434,587576,9.9
1435,650572,9.85
1436,664433,9.54
1437,531337,9.88
1438,570994,9.85
1439,663203,9.56
1440,656228,9.85
1441,661116,9.86
1442,663670,7.67
1443,657294,9.38
1444,661860,9.79
1445,244832,9.53
1446,663389,9.86
1447,554044,9.76
1448,663394,9.83
1449,15068,9.71
1450,642418,9.86
1451,541668,9.75
1452,658310,9.83
1453,64092,9.26
1454,588536,9.71
1455,660027,9.85
1456,87843,9.81
1457,639588,9.86
1458,658002,9.75
1459,621336,9.84
1460,632888,9.86
1461,579845,9.86
1462,635145,9.86
1463,650264,9.85
1464,664460,9.73
1465,161886,9.81
1466,652120,9.87
1467,642726,9.85
1468,487316,9.86
1469,626184,9.29
1470,596091,9.87
1471,461987,9.86
1472,652612,9.85
1473,632406,9.62
1474,657990,9.78
1475,649473,9.73
1476,651971,9.86
1477,96924,9.81
1478,539198,9.84
1479,619753,9.86
1480,50301,9.86
1481,625580,9.86
1482,125027,9.86
1483,538964,9.87
1484,650239,9.85
1485,641610,9.87
1486,623158,9.85
1487,78873,9.62
1488,653179,9.74
1489,652258,9.24
1490,466852,9.85
1491,458125,9.86
1492,646378,9.86
1493,594733,9.89
1494,610485,9.86
1495,639114,9.86
1496,506042,9.81
1497,560925,9.31
1498,646542,9.78
1499,640830,9.85
1500,613195,9.85
1501,640629,9.86
1502,643642,9.86
1503,553064,9.64
1504,648250,9.78
1505,620688,9.82
1506,50082,9.56
1507,372273,9.87
1508,640524,9.84
1509,629092,9.8
1510,636567,9.85
1511,620251,9.86
1512,595762,9.8
1513,623300,8.77
1514,624129,9.84
1515,635153,9.85
1516,617033,9.84
1517,431960,9.86
1518,635468,9.8
1519,578848,9.79
1520,493200,9.86
1521,632138,9.85
1522,574425,9.86
1523,623512,9.85
1524,631937,9.58
1525,624842,9.84
1526,583173,9.8
1527,627858,7.76
1528,637310,9.74
1529,511743,9.85
1530,629829,9.66
1531,632277,9.5
1532,622115,9.83
1533,633259,9.8
1534,624984,9.85
1535,572718,9.84
1536,84762,9.86
1537,622630,9.74
1538,629107,9.84
1539,631424,9.5
1540,590299,9.83
1541,603061,9.86
1542,609042,8.96
1543,482214,9.78
1544,554051,9.75
1545,625690,9.82
1546,243881,9.41
1547,485299,9.76
1548,518894,9.86
1549,618752,9.72
1550,577046,9.81
1551,583515,9.84
1552,533637,9.85
1553,344808,9.78
1554,619340,9.85
1555,403492,9.83
1556,626105,9.87
1557,266842,9.85
1558,506860,9.83
1559,613075,9.8
1560,565523,9.87
1561,601128,9.86
1562,98669,9.44
1563,601324,9.73
1564,593806,9.72
1565,508084,9.58
1566,413376,9.87
1567,602335,9.71
1568,615076,9.68
1569,559166,9.87
1570,226197,9.85
1571,390796,9.75
1572,545370,9.87
1573,537987,9.78
1574,450591,9.87
1575,473302,9.8
1576,490509,9.81
1577,604488,9.76
1578,588443,9.86
1579,82160,9.85
1580,490511,9.79
1581,485061,9.85
1582,450069,9.83
1583,562862,9.68
1584,572983,9.61
1585,546910,9.75
1586,50088,6.86
1587,557523,9.86
1588,381277,9.78
1589,497022,9.03
1590,365085,9.86
1591,371020,9.75
1592,337347,9.82
1593,483475,9.29
1594,141181,9.71
1595,464007,9.75
1596,511287,9.86
1597,496414,9.85
1598,505417,9.86
1599,537983,9.77
1600,555347,9.4
1601,8331,8.95
1602,506155,9.84
1603,426579,8.67
1604,504068,9.8
1605,434296,9.85
1606,530574,9.86
1607,476762,9.56
1608,510547,9.85
1609,282983,9.64
1610,132240,9.83
1611,453666,9.4
1612,528919,9.76
1613,50657,9.78
1614,498604,9.78
1615,506304,9.85
1616,467169,9.66
1617,505702,9.67
1618,53004,9.33
1619,480263,8.11
1620,478560,9.59
1621,389498,9.58
1622,228846,9.66
1623,344918,9.85
1624,395980,9.81
1625,466515,9.25
1626,344824,9.82
1627,61817,9.44
1628,456144,9.77
1629,466667,9.79
1630,456566,9.78
1631,471042,9.61
1632,351867,9.66
1633,469890,9.58
1634,51334,9.66
1635,450054,9.58
1636,409465,9.9
1637,342219,9.75
1638,259849,9.51
1639,179597,9.55
1640,68259,9.67
1641,68039,9.38
1642,15073,6.79
1643,766051,8.93
1644,729586,9.93
1645,789561,9.85
1646,772408,9.76
1647,793316,9.64
1648,698916,9.85
1649,780443,9.27
1650,784133,7.72
1651,629035,9.91
1652,549304,9.75
1653,787390,9.68
1654,771758,9.88
1655,770506,9.68
1656,787265,9.47
1657,792226,8.53
1658,757914,9.74
1659,775195,7.73
1660,788016,9.46
1661,789786,9.69
1662,793451,9.7
1663,676977,9.78
1664,709900,9.89
1665,776362,9.91
1666,767676,9.88
1667,655184,9.85
1668,744879,8.97
1669,726538,9.89
1670,784427,9.72
1671,793976,8.96
1672,788858,9.69
1673,790963,9.85
1674,732808,9.77
1675,788498,9.59
1676,525722,9.87
1677,794516,9.02
1678,791830,9.7
1679,772232,9.92
1680,787797,9.39
1681,783216,9.49
1682,780739,8.57
1683,775207,9.06
1684,792389,9.88
1685,792093,9.37
1686,789546,9.86
1687,685637,9.76
1688,620732,9.71
1689,760944,9.8
1690,550073,9.8
1691,784497,9.91
1692,729464,9.71
1693,783797,8.8
1694,755440,9.81
1695,790497,9.12
1696,86400,9.88
1697,729969,9.69
1698,770601,9.93
1699,791438,8.89
1700,778519,9.59
1701,343584,9.8
1702,786412,8.6
1703,789817,9.75
1704,776888,9.0
1705,785709,9.48
1706,774744,8.96
1707,755644,9.74
1708,788941,9.47
1709,791772,9.26
1710,769166,9.48
1711,784745,9.31
1712,761935,9.05
1713,790947,8.76
1714,784103,9.75
1715,773128,9.84
1716,694421,9.87
1717,775071,9.84
1718,727725,9.9
1719,681489,9.79
1720,760540,9.18
1721,728078,9.89
1722,790259,9.84
1723,720815,9.67
1724,791609,9.79
1725,764665,9.74
1726,674169,9.83
1727,791097,9.67
1728,778170,9.53
1729,791408,9.86
1730,790743,9.75
1731,792414,9.45
1732,704714,9.53
1733,789080,8.69
1734,785466,9.61
1735,790846,9.68
1736,742261,9.75
1737,780125,9.55
1738,790905,9.71
1739,792381,8.43
1740,627752,9.56
1741,791160,9.67
1742,736368,9.75
1743,709951,9.89
1744,779010,9.67
1745,788319,9.8
1746,788767,9.71
1747,773611,9.69
1748,786246,9.61
1749,718332,9.9
1750,775255,9.82
1751,777814,8.63
1752,786318,8.89
1753,777538,9.32
1754,773909,9.79
1755,786167,9.49
1756,764433,9.77
1757,787009,9.81
1758,755707,9.54
1759,245153,9.86
1760,788809,9.71
1761,753828,9.73
1762,715560,9.83
1763,766460,9.72
1764,792860,9.63
1765,791078,9.66
1766,789421,9.6
1767,792404,9.19
1768,776326,9.34
1769,788998,9.49
1770,640763,9.87
1771,619149,9.9
1772,637637,9.85
1773,788700,9.9
1774,792458,8.6
1775,784442,8.5
1776,790117,9.58
1777,786865,9.4
1778,760096,9.68
1779,775319,9.31
1780,789715,8.93
1781,732973,9.74
1782,789956,9.73
1783,768410,9.77
1784,681323,9.68
1785,652852,9.86
1786,761336,9.93
1787,670256,9.9
1788,708286,9.78
1789,738791,9.75
1790,780247,8.9
1791,773414,9.88
1792,773455,9.88
1793,779193,9.58
1794,119697,9.88
1795,670401,9.81
1796,732686,8.95
1797,746900,8.99
1798,631166,9.86
1799,728301,9.89
1800,654909,9.74
1801,791587,9.57
1802,774485,9.74
1803,784404,9.74
1804,686861,9.9
1805,625834,9.76
1806,776745,9.3
1807,785330,9.93
1808,766995,9.57
1809,777048,9.69
1810,776118,9.67
1811,785179,9.42
1812,633460,9.63
1813,736000,9.75
1814,731290,9.55
1815,774514,9.8
1816,684770,9.79
1817,785683,8.63
1818,786828,9.5
1819,658568,9.8
1820,777292,9.52
1821,541226,9.88
1822,787921,9.4
1823,786923,9.74
1824,119336,9.85
1825,787725,9.02
1826,744040,9.66
1827,764906,9.61
1828,697317,9.67
1829,765597,9.7
1830,714267,9.85
1831,659485,9.9
1832,723085,9.88
1833,777988,9.15
1834,647043,9.71
1835,730626,9.74
1836,240021,9.87
1837,787594,8.77
1838,734419,9.56
1839,752229,9.62
1840,735620,9.51
1841,770004,9.6
1842,556539,9.78
1843,763290,9.89
1844,729726,9.14
1845,761300,9.75
1846,743565,9.59
1847,784812,9.4
1848,777710,9.82
1849,747852,8.82
1850,562687,8.93
1851,732956,9.83
1852,785860,9.3
1853,769614,9.65
1854,734553,9.88
1855,718667,9.67
1856,752097,9.8
1857,616192,9.87
1858,786370,9.78
1859,763762,9.52
1860,727953,9.11
1861,783156,9.73
1862,775615,9.89
1863,782808,9.57
1864,785305,8.39
1865,786095,8.86
1866,770501,9.91
1867,700471,9.87
1868,783522,9.81
1869,668486,9.78
1870,639594,9.87
1871,784906,9.79
1872,396558,9.9
1873,759393,9.62
1874,766096,9.81
1875,772755,9.31
1876,748129,8.81
1877,768545,9.48
1878,782786,8.61
1879,690682,9.9
1880,607198,9.88
1881,784419,8.12
1882,768515,9.86
1883,710573,9.9
1884,731687,8.94
1885,783179,9.39
1886,747155,8.65
1887,780632,9.73
1888,733459,9.84
1889,755977,8.72
1890,767661,9.87
1891,773228,9.43
1892,779750,8.84
1893,522384,9.8
1894,640665,9.83
1895,760183,9.7
1896,706452,9.71
1897,721288,9.86
1898,736287,9.81
1899,613627,9.87
1900,703199,9.89
1901,767559,9.44
1902,776088,9.47
1903,768226,9.52
1904,758292,9.59
1905,777994,9.37
1906,739577,9.65
1907,778484,8.61
1908,773086,9.73
1909,772836,9.61
1910,766901,9.64
1911,775146,9.45
1912,775241,8.97
1913,769610,9.87
1914,324803,9.68
1915,711652,9.9
1916,763756,9.22
1917,759680,9.36
1918,618357,9.89
1919,776234,8.92
1920,707827,9.86
1921,771602,9.63
1922,775786,9.21
1923,738124,9.35
1924,775770,9.25
1925,775305,9.15
1926,722414,9.86
1927,776221,9.19
1928,721680,9.59
1929,752253,9.83
1930,695826,9.88
1931,759507,9.63
1932,738928,9.84
1933,546476,9.85
1934,771243,9.8
1935,637221,9.86
1936,744027,9.39
1937,727508,9.83
1938,753356,9.63
1939,769388,9.78
1940,760492,9.22
1941,687731,9.89
1942,764215,9.89
1943,741220,9.89
1944,768520,9.69
1945,766081,9.65
1946,684525,9.84
1947,717003,9.69
1948,759735,9.67
1949,691102,9.9
1950,717229,9.9
1951,762626,9.5
1952,741369,9.84
1953,731335,9.6
1954,702657,9.72
1955,750542,9.79
1956,733747,9.89
1957,738251,9.83
1958,748573,9.11
1959,729292,9.69
1960,718173,9.89
1961,736413,9.89
1962,766512,9.59
1963,734045,9.08
1964,752333,9.84
1965,695484,9.74
1966,763087,9.62
1967,749509,9.85
1968,700967,9.9
1969,764453,9.04
1970,687771,9.74
1971,733782,9.81
1972,654931,9.89
1973,767444,8.81
1974,612713,9.88
1975,759755,9.26
1976,733866,9.81
1977,726492,9.87
1978,684944,9.89
1979,751364,9.89
1980,703821,9.88
1981,731745,9.13
1982,760952,9.82
1983,742347,9.88
1984,720761,9.72
1985,702696,9.64
1986,743621,9.1
1987,753484,9.89
1988,749128,9.59
1989,762444,9.74
1990,549250,9.88
1991,756664,9.6
1992,466943,9.5
1993,745177,8.84
1994,730667,9.9
1995,714658,9.85
1996,733951,9.33
1997,489602,9.9
1998,659920,9.75
1999,654778,9.64
2000,752837,9.46
2001,681447,9.82
2002,736591,9.85
2003,734244,9.9
2004,757796,9.67
2005,736196,9.78
2006,736419,9.88
2007,751067,9.11
2008,726105,9.58
2009,741486,8.96
2010,731498,9.82
2011,752323,9.78
2012,705068,9.67
2013,721396,9.43
2014,737616,9.88
2015,668564,9.24
2016,736035,9.83
2017,726695,9.88
2018,705244,9.62
2019,733814,9.66
2020,616330,9.77
2021,745628,9.52
2022,753408,9.9
2023,671476,9.9
2024,695213,9.71
2025,734945,9.79
2026,745566,9.36
2027,460900,9.87
2028,735990,9.53
2029,738821,9.83
2030,751036,8.68
2031,749606,9.47
2032,752814,9.78
2033,638359,9.45
2034,714781,9.89
2035,645202,9.86
2036,739152,9.72
2037,734920,9.92
2038,631489,9.83
2039,697641,9.84
2040,731116,9.74
2041,716597,9.87
2042,739004,9.75
2043,709438,9.44
2044,737061,9.85
2045,663704,9.89
2046,735988,9.65
2047,749689,7.65
2048,726268,9.01
2049,650109,9.87
2050,712493,9.89
2051,734317,9.76
2052,718709,8.86
2053,733677,9.69
2054,702098,9.84
2055,751470,9.69
2056,723557,9.88
2057,745467,9.15
2058,710723,9.31
2059,696233,9.88
2060,696396,9.63
2061,735963,9.76
2062,736513,9.52
2063,729398,9.78
2064,736531,9.86
2065,706359,9.86
2066,697450,9.83
2067,664334,9.87
2068,635736,9.9
2069,659061,9.13
2070,740663,9.46
2071,721983,9.74
2072,476031,9.88
2073,620710,9.87
2074,718399,9.74
2075,740118,9.91
2076,692872,9.8
2077,730266,9.89
2078,728672,9.86
2079,667600,9.85
2080,690378,9.87
2081,630887,9.58
2082,733973,9.89
2083,743325,9.87
2084,734786,9.83
2085,736350,9.89
2086,616222,9.85
2087,742986,9.05
2088,700546,9.89
2089,745322,9.47
2090,641336,9.9
2091,742468,9.87
2092,630368,9.89
2093,740283,9.31
2094,741131,8.92
2095,706981,9.87
2096,698191,9.9
2097,741149,9.9
2098,652766,9.6
2099,87153,9.77
2100,740247,8.71
2101,568993,9.82
2102,734906,9.69
2103,696411,9.87
2104,709500,9.82
2105,739634,9.68
2106,710680,8.16
2107,721813,9.85
2108,701460,9.86
2109,726202,9.87
2110,738187,9.57
2111,689090,9.75
2112,325860,9.77
2113,554018,9.85
2114,724807,9.78
2115,687567,9.85
2116,721470,9.89
2117,700520,9.73
2118,724700,9.85
2119,703795,9.89
2120,731991,8.83
2121,721520,9.88
2122,624826,9.88
2123,715104,9.75
2124,736498,9.45
2125,592460,9.88
2126,733414,9.89
2127,716814,9.79
2128,714516,8.99
2129,708277,9.77
2130,704016,9.84
2131,694914,9.28
2132,55031,9.68
2133,327354,9.54
2134,727282,9.76
2135,601226,9.82
2136,695949,9.88
2137,713652,9.88
2138,713052,9.82
2139,713995,9.55
2140,729412,9.75
2141,729300,9.23
2142,730958,9.47
2143,709020,9.76
2144,733062,9.38
2145,724527,9.86
2146,724522,9.9
2147,723140,9.89
2148,709946,9.9
2149,622707,9.83
2150,725104,9.67
2151,651338,9.88
2152,405393,9.9
2153,703366,9.89
2154,703071,9.5
2155,729246,9.82
2156,731350,9.56
2157,717924,9.9
2158,713760,9.86
2159,716255,9.88
2160,723062,9.8
2161,727389,8.7
2162,725263,9.9
2163,718309,9.88
2164,711164,9.66
2165,709619,9.78
2166,714242,9.6
2167,717065,9.8
2168,724478,9.53
2169,710152,9.86
2170,710709,9.88
2171,710776,9.59
2172,718983,9.83
2173,718712,9.52
2174,728040,9.89
2175,710408,9.46
2176,720025,9.63
2177,684845,9.86
2178,647439,9.87
2179,718414,9.76
2180,460093,9.58
2181,726104,8.85
2182,726637,9.76
2183,718653,9.81
2184,689039,9.71
2185,700623,9.9
2186,720703,9.9
2187,721909,9.69
2188,709181,9.89
2189,566902,9.9
2190,659587,9.88
2191,709602,9.87
2192,714968,9.83
2193,721910,9.88
2194,664628,9.79
2195,722672,9.43
2196,686585,9.7
2197,710246,9.89
2198,714775,9.89
2199,695572,9.86
2200,721738,9.78
2201,714654,9.84
2202,716203,9.89
2203,715677,9.86
2204,641353,9.88
2205,723237,9.55
2206,667838,9.89
2207,657191,9.8
2208,723220,9.84
2209,525252,9.9
2210,720924,9.86
2211,718977,9.58
2212,693878,9.86
2213,709125,9.6
2214,699769,9.57
2215,700785,9.78
2216,709815,9.62
2217,706927,9.54
2218,701039,9.76
2219,708599,9.25
2220,702320,9.32
2221,539017,9.86
2222,710824,9.79
2223,695693,9.49
2224,710383,9.83
2225,702842,9.89
2226,593025,9.63
2227,717711,9.89
2228,705929,9.86
2229,707570,9.85
2230,712551,9.79
2231,656714,9.41
2232,714286,9.22
2233,705679,9.88
2234,676147,9.87
2235,716448,9.52
2236,693140,9.9
2237,700436,9.88
2238,692553,9.76
2239,660132,9.86
2240,699784,9.72
2241,676596,9.89
2242,707777,9.88
2243,710648,9.76
2244,709101,9.89
2245,710664,9.8
2246,708179,9.8
2247,688675,9.74
2248,650287,9.74
2249,702188,9.88
2250,703333,9.45
2251,704772,9.86
2252,700456,9.32
2253,568595,9.85
2254,641958,9.87
2255,563777,7.12
2256,683473,9.9
2257,703704,9.86
2258,710320,9.23
2259,694144,9.9
2260,709825,9.79
2261,700792,9.89
2262,695583,9.27
2263,687317,9.88
2264,675371,9.9
2265,695510,9.73
2266,710703,9.89
2267,40276,9.59
2268,679237,9.62
2269,650418,9.89
2270,694690,9.85
2271,677446,9.88
2272,710685,9.82
2273,700279,9.9
2274,686682,9.85
2275,705371,9.84
2276,708417,9.57
2277,624005,9.88
2278,675955,9.9
2279,514756,9.74
2280,704437,9.89
2281,660391,9.81
2282,524510,9.89
2283,192040,9.86
2284,708418,9.85
2285,691707,9.8
2286,653102,9.37
2287,700154,9.89
2288,654147,9.86
2289,701730,9.81
2290,704601,9.16
2291,703043,9.46
2292,692629,9.89
2293,638659,9.86
2294,690861,9.59
2295,685467,9.78
2296,652113,9.87
2297,618749,9.82
2298,691727,9.87
2299,619875,9.77
2300,701004,9.88
2301,660580,9.89
2302,702700,9.88
2303,702384,9.89
2304,661368,9.87
2305,489152,9.86
2306,702706,9.76
2307,693427,9.69
2308,700938,9.5
2309,617651,9.48
2310,619071,9.4
2311,701506,9.48
2312,571517,9.8
2313,676992,9.77
2314,697868,9.89
2315,688793,9.73
2316,698381,9.83
2317,696714,9.82
2318,671272,9.79
2319,501485,9.83
2320,684050,9.79
2321,700350,9.83
2322,695373,9.88
2323,564674,9.86
2324,685304,9.74
2325,700528,8.7
2326,700559,9.89
2327,514505,9.88
2328,700602,9.51
2329,698549,9.82
2330,697731,9.52
2331,561707,9.82
2332,568570,9.75
2333,684164,9.87
2334,695236,9.89
2335,696052,9.87
2336,695722,9.84
2337,688210,9.86
2338,698196,9.77
2339,481708,9.85
2340,700622,9.56
2341,614807,9.79
2342,701092,9.88
2343,686952,9.87
2344,636390,9.84
2345,686955,9.87
2346,569010,9.84
2347,648992,9.81
2348,53198,9.76
2349,570485,9.67
2350,8356,8.86
2351,690175,9.89
2352,692196,9.55
2353,674525,9.88
2354,681822,8.94
2355,681581,9.85
2356,467981,9.79
2357,692096,9.42
2358,686314,9.89
2359,661576,9.85
2360,671004,9.86
2361,681633,9.78
2362,694933,9.86
2363,547330,9.85
2364,392973,9.86
2365,692417,9.15
2366,693048,9.79
2367,688958,9.54
2368,678189,9.88
2369,576081,9.85
2370,663612,9.83
2371,649101,9.24
2372,692443,9.78
2373,677122,9.76
2374,635161,9.88
2375,687797,9.89
2376,684521,9.86
2377,484353,9.88
2378,567749,9.85
2379,517382,9.89
2380,81196,9.78
2381,690541,9.81
2382,681823,9.84
2383,662358,9.85
2384,687894,9.41
2385,651926,9.7
2386,564789,9.7
2387,240736,9.83
2388,640777,9.88
2389,641902,9.46
2390,319293,9.86
2391,679796,9.88
2392,511840,9.87
2393,666702,9.85
2394,664352,9.86
2395,677178,9.87
2396,583328,9.85
2397,679761,9.85
2398,467911,9.89
2399,685555,9.86
2400,685935,9.81
2401,650088,9.84
2402,531112,9.86
2403,683475,9.72
2404,679332,9.86
2405,606013,9.8
2406,608313,9.87
2407,487250,9.65
2408,683881,9.6
2409,658443,9.73
2410,646044,9.86
2411,597028,9.2
2412,655139,9.57
2413,662830,9.79
2414,677884,9.75
2415,583650,9.83
2416,628100,9.88
2417,656020,9.46
2418,563532,9.47
2419,670577,9.85
2420,674166,9.84
2421,552140,9.85
2422,676414,9.46
2423,656314,9.6
2424,662030,9.83
2425,677883,9.7
2426,642354,9.75
2427,667558,9.85
2428,652632,9.87
2429,650572,9.85
2430,671376,9.85
2431,531337,9.88
2432,570994,9.85
2433,668572,8.81
2434,632969,9.41
2435,657218,9.59
2436,658359,9.52
2437,634663,9.82
2438,577341,9.39
2439,640239,9.12
2440,321834,9.51
2441,656570,9.85
2442,661562,9.06
2443,572305,9.82
2444,661518,9.84
2445,633596,9.61
2446,661860,9.79
2447,640379,9.87
2448,204401,9.15
2449,265597,9.78
2450,663389,9.86
2451,573905,9.75
2452,554044,9.76
2453,501869,9.86
2454,38881,9.85
2455,642418,9.86
2456,37175,8.08
2457,658310,9.83
2458,650833,9.8
2459,493495,9.79
2460,560667,9.62
2461,550383,9.87
2462,452649,9.74
2463,577372,9.88
2464,661797,9.71
2465,487316,9.86
2466,169416,9.41
2467,651609,9.2
2468,626184,9.29
2469,319560,9.8
2470,586138,9.87
2471,650671,9.86
2472,536090,9.8
2473,461987,9.86
2474,632406,9.62
2475,657990,9.78
2476,649473,9.73
2477,651971,9.86
2478,562712,9.69
2479,591248,9.77
2480,637249,9.81
2481,578539,9.9
2482,340878,9.88
2483,472445,9.82
2484,618656,9.82
2485,639111,9.85
2486,625580,9.86
2487,440696,9.75
2488,641757,9.86
2489,650233,9.7
2490,599202,9.85
2491,641610,9.87
2492,379395,9.74
2493,623158,9.85
2494,628068,9.84
2495,78873,9.62
2496,609251,9.84
2497,653060,9.83
2498,487675,9.67
2499,628858,9.85
2500,500647,9.85
2501,594733,9.89
2502,616399,9.76
2503,360563,9.7
2504,58456,9.87
2505,564461,9.4
2506,443720,9.69
2507,639114,9.86
2508,560925,9.31
2509,646542,9.78
2510,631226,9.87
2511,504808,9.86
2512,626990,9.85
2513,540244,9.87
2514,648297,9.81
2515,461059,9.87
2516,648310,9.81
2517,50082,9.56
2518,638546,9.78
2519,641106,9.85
2520,642052,9.82
2521,636078,9.86
2522,626892,9.78
2523,617956,9.87
2524,617642,9.85
2525,630308,9.81
2526,562222,9.88
2527,607450,9.85
2528,479902,9.88
2529,586461,9.78
2530,569995,9.55
2531,639491,9.86
2532,596409,9.85
2533,556850,9.88
2534,637414,9.85
2535,455532,8.3
2536,630288,9.86
2537,603777,9.86
2538,620251,9.86
2539,276083,9.85
2540,615813,9.85
2541,563964,9.87
2542,349405,9.87
2543,482377,9.87
2544,349374,9.85
2545,591260,9.65
2546,489585,9.85
2547,618312,9.85
2548,635468,9.8
2549,587261,9.85
2550,637306,9.68
2551,151241,9.87
2552,590095,9.83
2553,615722,9.69
2554,583173,9.8
2555,624076,9.53
2556,548069,9.79
2557,633971,9.87
2558,629829,9.66
2559,581937,9.87
2560,414291,9.63
2561,564925,9.6
2562,528426,9.73
2563,633259,9.8
2564,623934,9.86
2565,572718,9.84
2566,627709,9.89
2567,322896,9.81
2568,613693,9.85
2569,72251,9.84
2570,584523,9.63
2571,619937,9.86
2572,590299,9.83
2573,606741,8.95
2574,167462,9.78
2575,482214,9.78
2576,599886,9.83
2577,374183,9.86
2578,579609,9.76
2579,625690,9.82
2580,445450,9.81
2581,604759,9.78
2582,616389,9.83
2583,620402,9.85
2584,608676,9.73
2585,552872,9.87
2586,632395,9.84
2587,612584,9.83
2588,352721,9.84
2589,614573,9.85
2590,608465,8.62
2591,554056,9.59
2592,500152,9.85
2593,603358,9.88
2594,506860,9.83
2595,621256,9.82
2596,600291,9.85
2597,146991,9.54
2598,483303,9.13
2599,627711,9.56
2600,98669,9.44
2601,570652,9.87
2602,406000,9.52
2603,395680,9.8
2604,625092,9.75
2605,529499,9.75
2606,552032,9.87
2607,601324,9.73
2608,301536,9.86
2609,615401,9.55
2610,415958,9.85
2611,336920,9.8
2612,571072,9.72
2613,56965,9.77
2614,615076,9.68
2615,584048,9.5
2616,559125,9.8
2617,607688,9.87
2618,617880,9.85
2619,580049,9.82
2620,570349,9.76
2621,473302,9.8
2622,575581,9.78
2623,529182,9.86
2624,442398,9.84
2625,513302,9.84
2626,481901,9.82
2627,153093,9.57
2628,227160,9.81
2629,582618,9.85
2630,588443,9.86
2631,544647,9.83
2632,490511,9.79
2633,450069,9.83
2634,549406,9.74
2635,587514,9.41
2636,566557,9.82
2637,560899,9.67
2638,471581,9.86
2639,382946,9.86
2640,530897,9.83
2641,529495,9.82
2642,527121,9.86
2643,476735,9.74
2644,472553,9.75
2645,71248,9.62
2646,557521,9.76
2647,460704,9.81
2648,562846,9.84
2649,509251,9.85
2650,557523,9.86
2651,492540,9.83
2652,476758,9.86
2653,143837,9.58
2654,497308,9.76
2655,572486,9.71
2656,356077,9.71
2657,335142,8.92
2658,545535,9.73
2659,78166,9.59
2660,365085,9.86
2661,535615,9.85
2662,487693,9.85
2663,552745,8.66
2664,476358,9.86
2665,470989,9.84
2666,515685,9.86
2667,477644,9.86
2668,450817,9.76
2669,552762,9.8
2670,461054,9.79
2671,516775,9.85
2672,550112,9.37
2673,505417,9.86
2674,533639,9.55
2675,529667,9.85
2676,520537,9.68
2677,443243,9.86
2678,508423,9.86
2679,484056,9.83
2680,530574,9.86
2681,459878,9.86
2682,513250,9.31
2683,453666,9.4
2684,365084,9.8
2685,368805,9.53
2686,355419,9.72
2687,466666,9.84
2688,509822,9.79
2689,495764,9.8
2690,506304,9.85
2691,406312,9.85
2692,466844,9.84
2693,346276,9.83
2694,362151,9.65
2695,210110,9.0
2696,470777,9.79
2697,478556,9.77
2698,466452,9.79
2699,495897,9.75
2700,355273,8.74
2701,344918,9.85
2702,457531,9.71
2703,430153,9.67
2704,325576,9.39
2705,456587,9.38
2706,85172,9.69
2707,324226,9.76
2708,340152,9.82
2709,466468,9.79
2710,471154,9.78
2711,464893,9.81
2712,171955,9.8
2713,451601,9.79
2714,481466,9.84
2715,88910,9.84
2716,333307,9.38
2717,473317,9.68
2718,405993,9.62
2719,401559,9.78
2720,454931,9.25
2721,190415,9.78
2722,277698,9.79
2723,105141,9.77
2724,396594,9.8
2725,319791,9.74
2726,318776,9.69
2727,31682,9.42
2728,15073,6.79
2729,766051,8.93
2730,784133,7.72
2731,787390,9.68
2732,787215,9.56
2733,757914,9.74
2734,788016,9.46
2735,789786,9.69
2736,793976,8.96
2737,794516,9.02
2738,775207,9.06
2739,792389,9.88
2740,792093,9.37
2741,789546,9.86
2742,766369,9.64
2743,729464,9.71
2744,755440,9.81
2745,86400,9.88
2746,729969,9.69
2747,770601,9.93
2748,791438,8.89
2749,786412,8.6
2750,788941,9.47
2751,793879,9.69
2752,722221,9.51
2753,779505,9.3
2754,784272,9.73
2755,790259,9.84
2756,720815,9.67
2757,771693,9.71
2758,778170,9.53
2759,791408,9.86
2760,784100,9.69
2761,789080,8.69
2762,783001,9.06
2763,790846,9.68
2764,718332,9.9
2765,755707,9.54
2766,788809,9.71
2767,753828,9.73
2768,789421,9.6
2769,767645,9.49
2770,792458,8.6
2771,760096,9.68
2772,789715,8.93
2773,780247,8.9
2774,773455,9.88
2775,787933,9.47
2776,631166,9.86
2777,774485,9.74
2778,779347,8.87
2779,686861,9.9
2780,777048,9.69
2781,785179,9.42
2782,633460,9.63
2783,684770,9.79
2784,658568,9.8
2785,777292,9.52
2786,716624,9.87
2787,786923,9.74
2788,119336,9.85
2789,758849,9.77
2790,786503,9.64
2791,690673,9.87
2792,785321,8.99
2793,659485,9.9
2794,777988,9.15
2795,624250,9.82
2796,730626,9.74
2797,770004,9.6
2798,787417,8.46
2799,725119,9.37
2800,747852,8.82
2801,562687,8.93
2802,769614,9.65
2803,718667,9.67
2804,727953,9.11
2805,785964,9.7
2806,775615,9.89
2807,770501,9.91
2808,783522,9.81
2809,736034,9.68
2810,785371,9.3
2811,759393,9.62
2812,748129,8.81
2813,768545,9.48
2814,782786,8.61
2815,690682,9.9
2816,784610,9.66
2817,731687,8.94
2818,780632,9.73
2819,777836,8.04
2820,777514,8.5
2821,721288,9.86
2822,613627,9.87
2823,758292,9.59
2824,777994,9.37
2825,742168,9.09
2826,744612,8.09
2827,772836,9.61
2828,618334,9.84
2829,766901,9.64
2830,775241,8.97
2831,324803,9.68
2832,759680,9.36
2833,618357,9.89
2834,776234,8.92
2835,748364,6.8
2836,775770,9.25
2837,722414,9.86
2838,776221,9.19
2839,738928,9.84
2840,744027,9.39
2841,727508,9.83
2842,769388,9.78
2843,684525,9.84
2844,738932,9.28
2845,762626,9.5
2846,702657,9.72
2847,735404,9.87
2848,748573,9.11
2849,736413,9.89
2850,734045,9.08
2851,752333,9.84
2852,695484,9.74
2853,761818,9.57
2854,705911,9.78
2855,612713,9.88
2856,736092,9.01
2857,720625,9.57
2858,742347,9.88
2859,705103,9.35
2860,753484,9.89
2861,762444,9.74
2862,718982,9.8
2863,760145,9.47
2864,466943,9.5
2865,739662,8.77
2866,733951,9.33
2867,659920,9.75
2868,752837,9.46
2869,736591,9.85
2870,757796,9.67
2871,736196,9.78
2872,751067,9.11
2873,734615,9.83
2874,745628,9.52
2875,550589,9.42
2876,749606,9.47
2877,752814,9.78
2878,645202,9.86
2879,739152,9.72
2880,745690,8.95
2881,630220,9.89
2882,749689,7.65
2883,718709,8.86
2884,751470,9.69
2885,741146,9.43
2886,749807,9.28
2887,735963,9.76
2888,735708,8.5
2889,739996,9.37
2890,675866,9.9
2891,721983,9.74
2892,742986,9.05
2893,742468,9.87
2894,728763,9.52
2895,737664,9.79
2896,663697,8.76
2897,733629,9.71
2898,721813,9.85
2899,726202,9.87
2900,325860,9.77
2901,724807,9.78
2902,687567,9.85
2903,660373,9.66
2904,714803,9.09
2905,713350,9.54
2906,699814,9.83
2907,705034,9.62
2908,714516,8.99
2909,730866,9.89
2910,694914,9.28
2911,55031,9.68
2912,713052,9.82
2913,730958,9.47
2914,733062,9.38
2915,709946,9.9
2916,725104,9.67
2917,651338,9.88
2918,679015,9.89
2919,703071,9.5
2920,724516,8.28
2921,714242,9.6
2922,717065,9.8
2923,724478,9.53
2924,710776,9.59
2925,718712,9.52
2926,684845,9.86
2927,460093,9.58
2928,714968,9.83
2929,711049,9.89
2930,701935,9.78
2931,723237,9.55
2932,642133,9.67
2933,718735,9.81
2934,721362,8.15
2935,709125,9.6
2936,699769,9.57
2937,700785,9.78
2938,709815,9.62
2939,706927,9.54
2940,703129,9.89
2941,702320,9.32
2942,695693,9.49
2943,710451,9.59
2944,625361,9.37
2945,702842,9.89
2946,656714,9.41
2947,614651,9.73
2948,714286,9.22
2949,693140,9.9
2950,700436,9.88
2951,692553,9.76
2952,699784,9.72
2953,707777,9.88
2954,688675,9.74
2955,702188,9.88
2956,665682,9.54
2957,710703,9.89
2958,40276,9.59
2959,679237,9.62
2960,691695,9.9
2961,702298,8.07
2962,694690,9.85
2963,675955,9.9
2964,514756,9.74
2965,192040,9.86
2966,691707,9.8
2967,705188,9.85
2968,700154,9.89
2969,559381,9.83
2970,703043,9.46
2971,678706,9.88
2972,690861,9.59
2973,698569,9.82
2974,691727,9.87
2975,318997,9.76
2976,702384,9.89
2977,696925,9.66
2978,702706,9.76
2979,693427,9.69
2980,700938,9.5
2981,467910,9.75
2982,617651,9.48
2983,571517,9.8
2984,697868,9.89
2985,696714,9.82
2986,530874,9.74
2987,671272,9.79
2988,272502,9.32
2989,627296,9.85
2990,700350,9.83
2991,685304,9.74
2992,700528,8.7
2993,700559,9.89
2994,698549,9.82
2995,697731,9.52
2996,676044,9.87
2997,568570,9.75
2998,696052,9.87
2999,690124,8.61
3000,688210,9.86
3001,481708,9.85
3002,614807,9.79
3003,686952,9.87
3004,686955,9.87
3005,692196,9.55
3006,689561,9.89
3007,626342,9.8
3008,685845,9.58
3009,692096,9.42
3010,681633,9.78
3011,692417,9.15
3012,665933,9.89
3013,673955,9.86
3014,649101,9.24
3015,684521,9.86
3016,568764,9.73
3017,81196,9.78
3018,688197,9.79
3019,670485,9.78
3020,687894,9.41
3021,564789,9.7
3022,240736,9.83
3023,683609,9.87
3024,679796,9.88
3025,666702,9.85
3026,645645,9.72
3027,679761,9.85
3028,680286,9.85
3029,616548,9.88
3030,679332,9.86
3031,627020,9.84
3032,570924,9.68
3033,630021,9.72
3034,651702,9.8
3035,656020,9.46
3036,437308,9.45
3037,593000,9.81
3038,479916,9.79
3039,666565,9.47
3040,632969,9.41
3041,657218,9.59
3042,255078,9.86
3043,321834,9.51
3044,661562,9.06
3045,653878,9.5
3046,604882,9.61
3047,658002,9.75
3048,167751,8.71
3049,550383,9.87
3050,661797,9.71
3051,562712,9.69
3052,386816,9.86
3053,641757,9.86
3054,650233,9.7
3055,599202,9.85
3056,379395,9.74
3057,650706,9.62
3058,561378,9.87
3059,628068,9.84
3060,653060,9.83
3061,487675,9.67
3062,652258,9.24
3063,514878,9.5
3064,616399,9.76
3065,564461,9.4
3066,642052,9.82
3067,280505,9.61
3068,644471,9.64
3069,637306,9.68
3070,414291,9.63
3071,629012,9.86
3072,602951,9.86
3073,632277,9.5
3074,484162,9.86
3075,613693,9.85
3076,619937,9.86
3077,167462,9.78
3078,554051,9.75
3079,599886,9.83
3080,592699,9.87
3081,616389,9.83
3082,612584,9.83
3083,352721,9.84
3084,608465,8.62
3085,572967,9.78
3086,613536,9.82
3087,483303,9.13
3088,406000,9.52
3089,529499,9.75
3090,552032,9.87
3091,584001,9.73
3092,578174,9.85
3093,581780,9.85
3094,584048,9.5
3095,363310,9.79
3096,555624,9.87
3097,585794,9.84
3098,570349,9.76
3099,554185,9.85
3100,549406,9.74
3101,439605,9.86
3102,566557,9.82
3103,560899,9.67
3104,527121,9.86
3105,567914,9.63
3106,460704,9.81
3107,554043,9.58
3108,515163,9.79
3109,143837,9.58
3110,335142,8.92
3111,545535,9.73
3112,553063,9.83
3113,535615,9.85
3114,487693,9.85
3115,519053,9.54
3116,555347,9.4
3117,226015,9.78
3118,479506,9.73
3119,513250,9.31
3120,329556,9.83
3121,495764,9.8
3122,483823,9.47
3123,483421,9.79
3124,406312,9.85
3125,466844,9.84
3126,458370,9.52
3127,226285,9.57
3128,466515,9.25
3129,456587,9.38
3130,466667,9.79
3131,481466,9.84
3132,333307,9.38
3133,454931,9.25
3134,386228,8.79
3135,368846,9.66
3136,35632,9.26
3137,277698,9.79
3138,337174,9.77
3139,362733,9.6
3140,31618,8.85
3141,787501,9.32
3142,717249,9.81
3143,699813,7.92
3144,548991,8.5
3145,793316,9.64
3146,780443,9.27
3147,792942,8.32
3148,773869,9.9
3149,708203,9.89
3150,735071,9.58
3151,793120,8.9
3152,723283,9.69
3153,740906,8.9
3154,787387,9.17
3155,790376,9.66
3156,734333,9.6
3157,793451,9.7
3158,779895,8.95
3159,779878,9.84
3160,776362,9.91
3161,783177,9.88
3162,793203,9.8
3163,744879,8.97
3164,779264,8.87
3165,571243,9.72
3166,788858,9.69
3167,792424,8.74
3168,792013,9.01
3169,756652,9.81
3170,792361,9.45
3171,791830,9.7
3172,787701,9.57
3173,772232,9.92
3174,788742,8.53
3175,780739,8.57
3176,788214,9.85
3177,685637,9.76
3178,787347,9.74
3179,791492,8.88
3180,760944,9.8
3181,788152,9.89
3182,792411,9.05
3183,789011,8.57
3184,783797,8.8
3185,783805,8.94
3186,735680,9.89
3187,788273,8.8
3188,665388,9.6
3189,789817,9.75
3190,791772,9.26
3191,793879,9.69
3192,792314,8.69
3193,779683,9.7
3194,769166,9.48
3195,790726,9.51
3196,792590,8.76
3197,739767,9.66
3198,694186,9.9
3199,792217,8.58
3200,775071,9.84
3201,727725,9.9
3202,681489,9.79
3203,760540,9.18
3204,786096,9.79
3205,728078,9.89
3206,784272,9.73
3207,750174,9.79
3208,790264,9.32
3209,764665,9.74
3210,793433,8.77
3211,755963,8.9
3212,793115,9.44
3213,792771,9.8
3214,764981,9.88
3215,767100,9.62
3216,789413,9.74
3217,727118,9.76
3218,791969,9.84
3219,753355,9.92
3220,773236,9.91
3221,764879,5.88
3222,790119,9.62
3223,789971,8.42
3224,702263,9.84
3225,783001,9.06
3226,786243,9.59
3227,742261,9.75
3228,767646,9.63
3229,627752,9.56
3230,792302,9.28
3231,787697,9.44
3232,789535,9.83
3233,791479,9.6
3234,706172,9.7
3235,779010,9.67
3236,789016,9.51
3237,777814,8.63
3238,771467,9.68
3239,787009,9.81
3240,784160,9.55
3241,786126,9.93
3242,791934,9.83
3243,715560,9.83
3244,766460,9.72
3245,792860,9.63
3246,791078,9.66
3247,788998,9.49
3248,733443,9.82
3249,714244,9.9
3250,722660,9.77
3251,780877,9.65
3252,792312,8.68
3253,791250,9.65
3254,757242,9.8
3255,792309,9.22
3256,777834,9.26
3257,784442,8.5
3258,786331,9.81
3259,759937,9.4
3260,767315,9.93
3261,789956,9.73
3262,681323,9.68
3263,790480,9.39
3264,779193,9.58
3265,789404,9.14
3266,788673,9.33
3267,787933,9.47
3268,789603,8.7
3269,790588,8.14
3270,785043,9.03
3271,745633,9.45
3272,776745,9.3
3273,788734,9.77
3274,728757,9.75
3275,776118,9.67
3276,731290,9.55
3277,784458,9.59
3278,785683,8.63
3279,767025,9.6
3280,758123,9.82
3281,787921,9.4
3282,560084,9.84
3283,757097,9.77
3284,156825,9.55
3285,758849,9.77
3286,788514,9.6
3287,769194,9.74
3288,759534,9.75
3289,745316,9.8
3290,709750,9.88
3291,624250,9.82
3292,735620,9.51
3293,556539,9.78
3294,787212,9.46
3295,761300,9.75
3296,743565,9.59
3297,787498,9.72
3298,774115,9.68
3299,786614,8.39
3300,771014,9.16
3301,727535,9.72
3302,776390,9.92
3303,729606,9.6
3304,732446,9.33
3305,743249,9.66
3306,762031,9.72
3307,467221,9.27
3308,752097,9.8
3309,768378,9.54
3310,783574,9.85
3311,785561,9.67
3312,704260,9.82
3313,730556,9.73
3314,740417,9.28
3315,782808,9.57
3316,785955,9.62
3317,768790,9.87
3318,700471,9.87
3319,768996,9.73
3320,782772,9.47
3321,736034,9.68
3322,639594,9.87
3323,785371,9.3
3324,723677,9.89
3325,784906,9.79
3326,593324,9.46
3327,784559,8.12
3328,580380,9.64
3329,739022,9.05
3330,607198,9.88
3331,763544,9.83
3332,695703,9.87
3333,716921,9.89
3334,744896,9.62
3335,781414,8.21
3336,740931,9.72
3337,777836,8.04
3338,716651,9.86
3339,640665,9.83
3340,761291,9.84
3341,760183,9.7
3342,762370,9.7
3343,775483,9.02
3344,718033,9.88
3345,778113,8.37
3346,726223,9.39
3347,756412,9.74
3348,757564,9.64
3349,757220,9.7
3350,634145,9.84
3351,760526,8.87
3352,777670,9.79
3353,769552,9.89
3354,753470,9.76
3355,744612,8.09
3356,700533,9.5
3357,620242,9.86
3358,778028,8.78
3359,770566,9.78
3360,739882,9.86
3361,774342,9.23
3362,709983,9.61
3363,763756,9.22
3364,739954,9.85
3365,765236,9.75
3366,614951,9.84
3367,759574,9.46
3368,738124,9.35
3369,741318,9.44
3370,761467,9.85
3371,695826,9.88
3372,510642,9.83
3373,758643,9.59
3374,753802,9.59
3375,759724,9.52
3376,727117,8.14
3377,771243,9.8
3378,637221,9.86
3379,764215,9.89
3380,741220,9.89
3381,768520,9.69
3382,764100,9.62
3383,696143,9.82
3384,645796,9.89
3385,717003,9.69
3386,759735,9.67
3387,733402,9.79
3388,757464,8.27
3389,741369,9.84
3390,751041,8.67
3391,726585,9.77
3392,619959,9.86
3393,733747,9.89
3394,747032,9.8
3395,753442,9.71
3396,768012,9.62
3397,650217,9.9
3398,722761,9.89
3399,759387,9.23
3400,759322,9.59
3401,749234,9.7
3402,757685,9.74
3403,765332,9.37
3404,729989,9.52
3405,761392,8.88
3406,758637,9.69
3407,763918,9.69
3408,746056,9.54
3409,704549,9.82
3410,726492,9.87
3411,699710,9.84
3412,751364,9.89
3413,743385,9.49
3414,734410,9.85
3415,700877,9.89
3416,725772,9.9
3417,687651,9.85
3418,710981,9.84
3419,720761,9.72
3420,702696,9.64
3421,743621,9.1
3422,705103,9.35
3423,742562,9.45
3424,739628,9.82
3425,757942,9.16
3426,745225,9.84
3427,715640,9.54
3428,765050,9.13
3429,756664,9.6
3430,739662,8.77
3431,745177,8.84
3432,751809,7.87
3433,707337,9.89
3434,731972,9.89
3435,739168,9.53
3436,381107,9.85
3437,726760,9.87
3438,660616,9.69
3439,758437,9.53
3440,670579,9.57
3441,688858,9.59
3442,714040,9.89
3443,751044,8.95
3444,758233,9.81
3445,758756,9.66
3446,734615,9.83
3447,758979,9.53
3448,726284,9.67
3449,733814,9.66
3450,697389,9.49
3451,668892,9.78
3452,756749,9.89
3453,754442,9.06
3454,735293,9.56
3455,745566,9.36
3456,677703,9.86
3457,740410,9.68
3458,750978,8.73
3459,716510,9.25
3460,711211,9.65
3461,745530,9.77
3462,676323,9.87
3463,705351,9.74
3464,734920,9.92
3465,706588,9.65
3466,708152,9.65
3467,738950,9.77
3468,739004,9.75
3469,698186,9.76
3470,744469,7.78
3471,740985,9.9
3472,650109,9.87
3473,697726,9.85
3474,737999,9.43
3475,733677,9.69
3476,702098,9.84
3477,741146,9.43
3478,732504,9.89
3479,729398,9.78
3480,706359,9.86
3481,709664,9.89
3482,476031,9.88
3483,691819,9.72
3484,720824,9.26
3485,723040,9.41
3486,737580,9.67
3487,712628,9.51
3488,616222,9.85
3489,744279,8.68
3490,736405,9.62
3491,586962,9.87
3492,700546,9.89
3493,745725,9.17
3494,735952,9.15
3495,713902,9.53
3496,644830,9.84
3497,696801,9.7
3498,706981,9.87
3499,729957,9.72
3500,741149,9.9
3501,729861,9.19
3502,727585,9.89
3503,730102,9.81
3504,734102,9.77
3505,718025,9.88
3506,739960,9.71
3507,734906,9.69
3508,723541,9.84
3509,696411,9.87
3510,719583,9.1
3511,678389,9.88
3512,738393,8.12
3513,645955,9.82
3514,718960,9.55
3515,738621,9.86
3516,647674,9.82
3517,733559,9.76
3518,695190,9.52
3519,700018,9.79
3520,644886,9.88
3521,681867,9.9
3522,707818,9.89
3523,712894,9.88
3524,710795,9.9
3525,715382,9.59
3526,733686,9.54
3527,700520,9.73
3528,727868,8.84
3529,736380,9.74
3530,691180,9.58
3531,703795,9.89
3532,705644,9.44
3533,721520,9.88
3534,699814,9.83
3535,682915,9.79
3536,701214,9.62
3537,712048,9.9
3538,736647,8.1
3539,733414,9.89
3540,735383,9.76
3541,723033,8.55
3542,708277,9.77
3543,704016,9.84
3544,733405,9.4
3545,735360,8.69
3546,704785,9.86
3547,728287,9.34
3548,705546,9.65
3549,695532,9.82
3550,730866,9.89
3551,728934,9.9
3552,718115,9.44
3553,735118,9.6
3554,731552,9.62
3555,700020,9.88
3556,327354,9.54
3557,730984,9.6
3558,727282,9.76
3559,712829,8.58
3560,694005,9.86
3561,713652,9.88
3562,708446,9.89
3563,726993,8.88
3564,712106,9.84
3565,724527,9.86
3566,724522,9.9
3567,726263,9.76
3568,713821,9.68
3569,622707,9.83
3570,725776,9.73
3571,705715,9.81
3572,679015,9.89
3573,731548,9.76
3574,703366,9.89
3575,705050,9.74
3576,723753,9.57
3577,709544,9.89
3578,707782,9.82
3579,727693,9.44
3580,727389,8.7
3581,661459,9.73
3582,62736,9.88
3583,702228,9.89
3584,714207,8.75
3585,705368,9.83
3586,718992,9.76
3587,728250,9.53
3588,697523,9.87
3589,722400,9.64
3590,720025,9.63
3591,616660,9.87
3592,720865,9.58
3593,714138,8.06
3594,720913,9.48
3595,705163,9.72
3596,718481,9.63
3597,717622,9.69
3598,689019,9.78
3599,704177,9.8
3600,726658,9.5
3601,717541,9.88
3602,693373,9.9
3603,698963,9.83
3604,723191,9.74
3605,664628,9.79
3606,719694,8.44
3607,706147,9.81
3608,686585,9.7
3609,710246,9.89
3610,714775,9.89
3611,724547,9.02
3612,716220,9.89
3613,720394,9.63
3614,715677,9.86
3615,667838,9.89
3616,718420,9.56
3617,701514,9.82
3618,708926,9.86
3619,703277,9.83
3620,723220,9.84
3621,718977,9.58
3622,703568,9.9
3623,504990,9.85
3624,691438,9.85
3625,577806,9.71
3626,701039,9.76
3627,714302,8.63
3628,681150,9.87
3629,701921,9.89
3630,642007,9.72
3631,718929,9.88
3632,712446,9.73
3633,714316,9.04
3634,704561,9.79
3635,640837,9.58
3636,710824,9.79
3637,713727,5.98
3638,666504,9.67
3639,709397,9.74
3640,653217,9.15
3641,473907,9.89
3642,714582,9.75
3643,678677,9.29
3644,593025,9.63
3645,717711,9.89
3646,566780,9.87
3647,712551,9.79
3648,378338,9.72
3649,706060,9.89
3650,705679,9.88
3651,700403,9.63
3652,716398,9.85
3653,566460,5.51
3654,704344,9.64
3655,700590,9.67
3656,705895,9.59
3657,697627,9.84
3658,710664,9.8
3659,709666,9.77
3660,699829,8.38
3661,699652,9.25
3662,714450,9.35
3663,700456,9.32
3664,641958,9.87
3665,700869,9.85
3666,678176,9.52
3667,695500,9.69
3668,695583,9.27
3669,101380,9.57
3670,691695,9.9
3671,710685,9.82
3672,708065,9.89
3673,667949,9.85
3674,687910,9.71
3675,702416,9.86
3676,542291,9.87
3677,653102,9.37
3678,392615,9.85
3679,626028,9.78
3680,563250,9.86
3681,654147,9.86
3682,635401,9.86
3683,700373,9.89
3684,638659,9.86
3685,685942,9.83
3686,652113,9.87
3687,700600,9.86
3688,679260,9.88
3689,703364,9.85
3690,701004,9.88
3691,395407,9.87
3692,669839,9.84
3693,522268,9.86
3694,698219,9.83
3695,689048,9.82
3696,619071,9.4
3697,673977,9.43
3698,702606,9.73
3699,676992,9.77
3700,96940,9.49
3701,702464,9.59
3702,694224,9.4
3703,681642,9.89
3704,501485,9.83
3705,696140,9.85
3706,569599,8.95
3707,694217,9.89
3708,690171,9.86
3709,693225,9.82
3710,697626,9.42
3711,91487,9.85
3712,641305,9.88
3713,698543,7.73
3714,686444,9.86
3715,699792,9.63
3716,690959,9.9
3717,654748,9.87
3718,60310,9.72
3719,697279,9.71
3720,665932,9.87
3721,700013,8.93
3722,569010,9.84
3723,648992,9.81
3724,695195,9.87
3725,690175,9.89
3726,651626,9.85
3727,689561,9.89
3728,687571,9.88
3729,679263,9.57
3730,694996,9.44
3731,626342,9.8
3732,690346,9.84
3733,696176,9.8
3734,674525,9.88
3735,681822,8.94
3736,681581,9.85
3737,685845,9.58
3738,653062,9.87
3739,695775,9.86
3740,671004,9.86
3741,697293,9.66
3742,654800,9.62
3743,683260,9.89
3744,392973,9.86
3745,693048,9.79
3746,681297,9.89
3747,663663,9.83
3748,657511,9.88
3749,610150,9.77
3750,677767,9.9
3751,687796,9.72
3752,640958,9.59
3753,549034,9.87
3754,683477,9.89
3755,575974,9.78
3756,627627,9.83
3757,547689,9.82
3758,667056,9.88
3759,678166,9.85
3760,644815,9.87
3761,688197,9.79
3762,663282,9.84
3763,681823,9.84
3764,492499,9.82
3765,662358,9.85
3766,613047,9.68
3767,671484,9.9
3768,670485,9.78
3769,585796,9.87
3770,683609,9.87
3771,640777,9.88
3772,676788,9.89
3773,681630,9.86
3774,636736,9.87
3775,592330,9.72
3776,686262,7.45
3777,467911,9.89
3778,680286,9.85
3779,685935,9.81
3780,675121,9.88
3781,683475,9.72
3782,686255,9.86
3783,677019,9.52
3784,517287,8.64
3785,666840,9.52
3786,572330,9.53
3787,686023,9.55
3788,644466,9.85
3789,658443,9.73
3790,646044,9.86
3791,651656,9.85
3792,655139,9.57
3793,667340,9.64
3794,330616,9.62
3795,643187,9.74
3796,676967,9.65
3797,570924,9.68
3798,661880,9.63
3799,641247,9.85
3800,583650,9.83
3801,653153,9.83
3802,357260,9.86
3803,536622,9.87
3804,621555,8.58
3805,659525,9.85
3806,593000,9.81
3807,677883,9.7
3808,667558,9.85
3809,652632,9.87
3810,666565,9.47
3811,629124,9.85
3812,620077,9.85
3813,626595,9.82
3814,634663,9.82
3815,666079,9.6
3816,638560,9.83
3817,662036,9.85
3818,139880,9.75
3819,255078,9.86
3820,652049,9.74
3821,659199,9.78
3822,640239,9.12
3823,145340,9.31
3824,643985,9.86
3825,349114,9.41
3826,658991,9.77
3827,672027,9.81
3828,671423,9.85
3829,412479,9.83
3830,661518,9.84
3831,640379,9.87
3832,573905,9.75
3833,645058,9.86
3834,581093,9.86
3835,651964,9.52
3836,212308,9.02
3837,659259,9.79
3838,635237,9.85
3839,517610,9.87
3840,493495,9.79
3841,621336,9.84
3842,664659,9.83
3843,651563,9.83
3844,635145,9.86
3845,629791,9.78
3846,577372,9.88
3847,650298,9.76
3848,660953,9.82
3849,615808,9.85
3850,522839,9.86
3851,641466,9.68
3852,96924,9.81
3853,591248,9.77
3854,578539,9.9
3855,386816,9.86
3856,561251,9.9
3857,602141,9.78
3858,565004,9.87
3859,638118,9.85
3860,609851,9.51
3861,653035,9.77
3862,624310,9.86
3863,652233,9.86
3864,628858,9.85
3865,647543,9.85
3866,500647,9.85
3867,399322,9.82
3868,443720,9.69
3869,385072,9.7
3870,616361,9.68
3871,640629,9.86
3872,518008,9.86
3873,619853,9.85
3874,456200,9.56
3875,620688,9.82
3876,648310,9.81
3877,589907,9.74
3878,322640,9.66
3879,617099,9.85
3880,617642,9.85
3881,604881,9.86
3882,630308,9.81
3883,579817,9.86
3884,562222,9.88
3885,607450,9.85
3886,479902,9.88
3887,118911,9.86
3888,518430,9.85
3889,596409,9.85
3890,625858,9.82
3891,635153,9.85
3892,526964,9.86
3893,628987,9.85
3894,349405,9.87
3895,624071,9.73
3896,482377,9.87
3897,639731,9.82
3898,501681,9.52
3899,642155,9.82
3900,587261,9.85
3901,493200,9.86
3902,626248,9.86
3903,574425,9.86
3904,590095,9.83
3905,607101,9.83
3906,634254,9.75
3907,632785,9.85
3908,629012,9.86
3909,552276,9.76
3910,564925,9.6
3911,616882,9.86
3912,308437,9.68
3913,625360,9.72
3914,553083,9.86
3915,552954,9.75
3916,322896,9.81
3917,620670,9.75
3918,627269,9.85
3919,579572,9.86
3920,622493,9.49
3921,620091,9.75
3922,600292,9.85
3923,626991,9.86
3924,609392,9.85
3925,581532,9.81
3926,608676,9.73
3927,552959,9.85
3928,626606,9.64
3929,627199,9.82
3930,552872,9.87
3931,344808,9.78
3932,607030,9.86
3933,551882,9.78
3934,554056,9.59
3935,467099,9.86
3936,572967,9.78
3937,565551,9.81
3938,58149,8.8
3939,614548,9.81
3940,627711,9.56
3941,607175,9.49
3942,229152,9.81
3943,611732,9.83
3944,395680,9.8
3945,625092,9.75
3946,603671,9.39
3947,607207,7.42
3948,584830,9.62
3949,615401,9.55
3950,415958,9.85
3951,336920,9.8
3952,581780,9.85
3953,571072,9.72
3954,315209,9.64
3955,592719,9.86
3956,597980,9.49
3957,508700,9.86
3958,617880,9.85
3959,555624,9.87
3960,381651,9.67
3961,568152,9.85
3962,531366,9.79
3963,553922,9.85
3964,552724,9.86
3965,153093,9.57
3966,601257,9.76
3967,499986,9.86
3968,569370,9.49
3969,485061,9.85
3970,591411,9.51
3971,439605,9.86
3972,589699,9.79
3973,556709,9.85
3974,559398,9.69
3975,594321,9.72
3976,593007,9.73
3977,558454,9.84
3978,525053,9.85
3979,471581,9.86
3980,572983,9.61
3981,508830,9.31
3982,494868,9.85
3983,476735,9.74
3984,472553,9.75
3985,574635,9.62
3986,567914,9.63
3987,436274,9.83
3988,557521,9.76
3989,562846,9.84
3990,369942,9.86
3991,492540,9.83
3992,476014,9.56
3993,476758,9.86
3994,422147,9.85
3995,555750,9.8
3996,145545,9.79
3997,530837,9.86
3998,404499,9.85
3999,464007,9.75
4000,511287,9.86
4001,396526,9.86
4002,516775,9.85
4003,527115,9.83
4004,238929,9.78
4005,541837,9.8
4006,511235,9.72
4007,506155,9.84
4008,484056,9.83
4009,265687,9.4
4010,523310,9.78
4011,398940,9.8
4012,504245,9.74
4013,365084,9.8
4014,521219,9.81
4015,520229,9.69
4016,329556,9.83
4017,513533,9.74
4018,488021,9.79
4019,507742,9.85
4020,346276,9.83
4021,458370,9.52
4022,419924,9.89
4023,412791,9.44
4024,424396,9.83
4025,470777,9.79
4026,355273,8.74
4027,128561,9.81
4028,420645,9.86
4029,371784,9.85
4030,490517,9.5
4031,85172,9.69
4032,466024,9.79
4033,440097,9.77
4034,171955,9.8
4035,319784,9.8
4036,469290,9.49
4037,423570,9.8
4038,396594,9.8
4039,280629,9.76
4040,264842,9.67
4041,171630,9.75
4042,62592,9.77
4043,39783,9.76
4044,792936,8.07
4045,792598,9.17
4046,789561,9.85
4047,548991,8.5
4048,549304,9.75
4049,723283,9.69
4050,787387,9.17
4051,792226,8.53
4052,734333,9.6
4053,709900,9.89
4054,750849,9.84
4055,784427,9.72
4056,571243,9.72
4057,786401,9.92
4058,794285,9.75
4059,792013,9.01
4060,788498,9.59
4061,792489,9.02
4062,787701,9.57
4063,783216,9.49
4064,791492,8.88
4065,550073,9.8
4066,784497,9.91
4067,792261,7.74
4068,785031,9.73
4069,792411,9.05
4070,789011,8.57
4071,721651,8.98
4072,783805,8.94
4073,778519,9.59
4074,776888,9.0
4075,785709,9.48
4076,742462,9.72
4077,772801,9.9
4078,784745,9.31
4079,790726,9.51
4080,790947,8.76
4081,771412,9.77
4082,694421,9.87
4083,787437,9.67
4084,786096,9.79
4085,790264,9.32
4086,791609,9.79
4087,787358,9.76
4088,793433,8.77
4089,674169,9.83
4090,793115,9.44
4091,792771,9.8
4092,792287,8.56
4093,791097,9.67
4094,787723,9.6
4095,785377,9.23
4096,777158,9.84
4097,780125,9.55
4098,792381,8.43
4099,792302,9.28
4100,787697,9.44
4101,752299,9.69
4102,789535,9.83
4103,791479,9.6
4104,739377,9.69
4105,706172,9.7
4106,789016,9.51
4107,773611,9.69
4108,786246,9.61
4109,786318,8.89
4110,777538,9.32
4111,696190,9.84
4112,784160,9.55
4113,792404,9.19
4114,721985,9.68
4115,790199,9.7
4116,637637,9.85
4117,791250,9.65
4118,792063,9.84
4119,757242,9.8
4120,608389,9.82
4121,786865,9.4
4122,786331,9.81
4123,786977,8.95
4124,785836,9.61
4125,759937,9.4
4126,769583,9.71
4127,641817,9.9
4128,789404,9.14
4129,790588,8.14
4130,499692,9.86
4131,625834,9.76
4132,788734,9.77
4133,780731,9.57
4134,786828,9.5
4135,541226,9.88
4136,785734,9.6
4137,744040,9.66
4138,773262,9.55
4139,697317,9.67
4140,745316,9.8
4141,723085,9.88
4142,709750,9.88
4143,786305,9.77
4144,734419,9.56
4145,767901,9.48
4146,787212,9.46
4147,706952,9.57
4148,787498,9.72
4149,784812,9.4
4150,786614,8.39
4151,771014,9.16
4152,727535,9.72
4153,732956,9.83
4154,785860,9.3
4155,743249,9.66
4156,768378,9.54
4157,736660,9.82
4158,786370,9.78
4159,730556,9.73
4160,783156,9.73
4161,752071,9.75
4162,785305,8.39
4163,786095,8.86
4164,768790,9.87
4165,751850,9.84
4166,768996,9.73
4167,674665,9.24
4168,772755,9.31
4169,580380,9.64
4170,739022,9.05
4171,695703,9.87
4172,783179,9.39
4173,747155,8.65
4174,747247,9.34
4175,733459,9.84
4176,767661,9.87
4177,564939,9.62
4178,779750,8.84
4179,761291,9.84
4180,706452,9.71
4181,762370,9.7
4182,736287,9.81
4183,718033,9.88
4184,745226,9.29
4185,703199,9.89
4186,768226,9.52
4187,674748,9.87
4188,634145,9.84
4189,760526,8.87
4190,778484,8.61
4191,745424,9.82
4192,753470,9.76
4193,773086,9.73
4194,770566,9.78
4195,707827,9.86
4196,761467,9.85
4197,759507,9.63
4198,730718,9.9
4199,759724,9.52
4200,753356,9.63
4201,645796,9.89
4202,745579,9.65
4203,731335,9.6
4204,750542,9.79
4205,726585,9.77
4206,747032,9.8
4207,722761,9.89
4208,759322,9.59
4209,749234,9.7
4210,745693,9.74
4211,757685,9.74
4212,762258,9.84
4213,756416,9.52
4214,749509,9.85
4215,702433,9.76
4216,765419,9.18
4217,764453,9.04
4218,733782,9.81
4219,758637,9.69
4220,742047,9.41
4221,746056,9.54
4222,733866,9.81
4223,750497,9.2
4224,734410,9.85
4225,700877,9.89
4226,725772,9.9
4227,720625,9.57
4228,731745,9.13
4229,760952,9.82
4230,687651,9.85
4231,739628,9.82
4232,749128,9.59
4233,714912,9.89
4234,719004,9.78
4235,744521,9.25
4236,731972,9.89
4237,681447,9.82
4238,739168,9.53
4239,734244,9.9
4240,726105,9.58
4241,753822,9.61
4242,688858,9.59
4243,714040,9.89
4244,715544,9.9
4245,711595,9.78
4246,737616,9.88
4247,758979,9.53
4248,580051,9.73
4249,734945,9.79
4250,735293,9.56
4251,737419,9.77
4252,740410,9.68
4253,752553,9.77
4254,745530,9.77
4255,631489,9.83
4256,697641,9.84
4257,716597,9.87
4258,752044,9.2
4259,737999,9.43
4260,745467,9.15
4261,751467,8.67
4262,697944,9.79
4263,736531,9.86
4264,740485,9.71
4265,697450,9.83
4266,721425,9.89
4267,746040,9.36
4268,745626,9.33
4269,733987,9.88
4270,691819,9.72
4271,620710,9.87
4272,718399,9.74
4273,720138,9.63
4274,742698,9.58
4275,723040,9.41
4276,730266,9.89
4277,737580,9.67
4278,745141,9.45
4279,667600,9.85
4280,743325,9.87
4281,736350,9.89
4282,744279,8.68
4283,745322,9.47
4284,745725,9.17
4285,735952,9.15
4286,641336,9.9
4287,742780,9.1
4288,630368,9.89
4289,713902,9.53
4290,696801,9.7
4291,700068,8.81
4292,741131,8.92
4293,500354,9.84
4294,730102,9.81
4295,734102,9.77
4296,652766,9.6
4297,713746,9.89
4298,739222,9.15
4299,719583,9.1
4300,709500,9.82
4301,739634,9.68
4302,734259,9.87
4303,731947,9.78
4304,733559,9.76
4305,712853,9.7
4306,728806,9.88
4307,700018,9.79
4308,723972,9.89
4309,644886,9.88
4310,712894,9.88
4311,715382,9.59
4312,733686,9.54
4313,735817,9.51
4314,731991,8.83
4315,712048,9.9
4316,716814,9.79
4317,723033,8.55
4318,735360,8.69
4319,704785,9.86
4320,730984,9.6
4321,705981,9.88
4322,694005,9.86
4323,692651,9.89
4324,729412,9.75
4325,712106,9.84
4326,729564,9.83
4327,726263,9.76
4328,728991,9.89
4329,720707,9.89
4330,705050,9.74
4331,731350,9.56
4332,697798,9.89
4333,727693,9.44
4334,713760,9.86
4335,716255,9.88
4336,719297,9.87
4337,711213,9.53
4338,725263,9.9
4339,686292,9.8
4340,730839,9.75
4341,705368,9.83
4342,718992,9.76
4343,728040,9.89
4344,647439,9.87
4345,686451,9.9
4346,717561,9.85
4347,727730,9.77
4348,720913,9.48
4349,712288,9.85
4350,689039,9.71
4351,705163,9.72
4352,720703,9.9
4353,709181,9.89
4354,700474,9.36
4355,706147,9.81
4356,722529,9.84
4357,638927,9.89
4358,721738,9.78
4359,716488,9.84
4360,714654,9.84
4361,716203,9.89
4362,716220,9.89
4363,720394,9.63
4364,710966,9.85
4365,324948,9.87
4366,478683,9.85
4367,715660,9.9
4368,693878,9.86
4369,703568,9.9
4370,703298,9.85
4371,700762,9.82
4372,577806,9.71
4373,701921,9.89
4374,642007,9.72
4375,712446,9.73
4376,717451,9.88
4377,689881,9.88
4378,468821,9.85
4379,708717,9.68
4380,709397,9.74
4381,690937,9.84
4382,713125,9.85
4383,697941,9.75
4384,705929,9.86
4385,689574,9.86
4386,710349,9.55
4387,676147,9.87
4388,716398,9.85
4389,680672,9.81
4390,700590,9.67
4391,697285,9.89
4392,660132,9.86
4393,705895,9.59
4394,708525,9.68
4395,697627,9.84
4396,710648,9.76
4397,696489,9.82
4398,709666,9.77
4399,706120,9.88
4400,695745,9.89
4401,714450,9.35
4402,700162,9.88
4403,665682,9.54
4404,706737,9.88
4405,694144,9.9
4406,678176,9.52
4407,695500,9.69
4408,687317,9.88
4409,101380,9.57
4410,650418,9.89
4411,705776,9.81
4412,709736,9.88
4413,707309,9.77
4414,676900,9.69
4415,688564,9.87
4416,705371,9.84
4417,708417,9.57
4418,667949,9.85
4419,524510,9.89
4420,687910,9.71
4421,701295,9.88
4422,684827,9.88
4423,702416,9.86
4424,542291,9.87
4425,703831,9.88
4426,392615,9.85
4427,702867,9.54
4428,671120,9.87
4429,684800,9.61
4430,700373,9.89
4431,697350,9.54
4432,704010,9.83
4433,696178,9.87
4434,700600,9.86
4435,703364,9.85
4436,555616,9.89
4437,661368,9.87
4438,522268,9.86
4439,698219,9.83
4440,673977,9.43
4441,700864,9.27
4442,96940,9.49
4443,677475,9.69
4444,702045,9.89
4445,256851,9.8
4446,513303,9.01
4447,695180,9.89
4448,514505,9.88
4449,690171,9.86
4450,693225,9.82
4451,167100,9.81
4452,641305,9.88
4453,698543,7.73
4454,478396,9.86
4455,686444,9.86
4456,678762,9.89
4457,699792,9.63
4458,654748,9.87
4459,596397,9.85
4460,698196,9.77
4461,701092,9.88
4462,690350,9.79
4463,665932,9.87
4464,636390,9.84
4465,611087,9.83
4466,674218,9.9
4467,700397,9.69
4468,697307,9.83
4469,657803,9.9
4470,695195,9.87
4471,570485,9.67
4472,693382,9.85
4473,651626,9.85
4474,693090,9.69
4475,687571,9.88
4476,679263,9.57
4477,638486,9.88
4478,697262,9.85
4479,696176,9.8
4480,689172,9.87
4481,467981,9.79
4482,640546,9.77
4483,693401,9.88
4484,686314,9.89
4485,695775,9.86
4486,683260,9.89
4487,547330,9.85
4488,625877,9.86
4489,610150,9.77
4490,677767,9.9
4491,549034,9.87
4492,683477,9.89
4493,673955,9.86
4494,692443,9.78
4495,677122,9.76
4496,653311,9.86
4497,667056,9.88
4498,680801,9.89
4499,517382,9.89
4500,217003,9.88
4501,629729,9.54
4502,689035,9.06
4503,651926,9.7
4504,50367,9.87
4505,511840,9.87
4506,662746,9.74
4507,592330,9.72
4508,680876,9.75
4509,685555,9.86
4510,675121,9.88
4511,531112,9.86
4512,664356,9.87
4513,666840,9.52
4514,644466,9.85
4515,487250,9.65
4516,683881,9.6
4517,597028,9.2
4518,680472,9.86
4519,658467,9.87
4520,622175,9.85
4521,662830,9.79
4522,643187,9.74
4523,83861,9.77
4524,666179,9.87
4525,637810,9.87
4526,670577,9.85
4527,628300,9.85
4528,612240,9.81
4529,659337,9.85
4530,677168,9.15
4531,670434,9.87
4532,668572,8.81
4533,636278,9.85
4534,626595,9.82
4535,638560,9.83
4536,662036,9.85
4537,661116,9.86
4538,659199,9.78
4539,643985,9.86
4540,349114,9.41
4541,671423,9.85
4542,657294,9.38
4543,633596,9.61
4544,628845,9.87
4545,454462,9.85
4546,501869,9.86
4547,563217,9.77
4548,617977,9.87
4549,630814,9.86
4550,579121,9.86
4551,650375,9.84
4552,664460,9.73
4553,660953,9.82
4554,169416,9.41
4555,650671,9.86
4556,660090,9.85
4557,654637,9.87
4558,340878,9.88
4559,618656,9.82
4560,561251,9.9
4561,125027,9.86
4562,568958,9.63
4563,638118,9.85
4564,653035,9.77
4565,624310,9.86
4566,620219,9.85
4567,653482,9.85
4568,514878,9.5
4569,494714,9.87
4570,399322,9.82
4571,640830,9.85
4572,616361,9.68
4573,637971,9.1
4574,626990,9.85
4575,619853,9.85
4576,640524,9.84
4577,500917,9.83
4578,604881,9.86
4579,118911,9.86
4580,518430,9.85
4581,639491,9.86
4582,631677,9.86
4583,603777,9.86
4584,625858,9.82
4585,646154,9.83
4586,604803,9.87
4587,615813,9.85
4588,526964,9.86
4589,578848,9.79
4590,632138,9.85
4591,615722,9.69
4592,607101,9.83
4593,636511,9.85
4594,589791,9.87
4595,634254,9.75
4596,637310,9.74
4597,633971,9.87
4598,552276,9.76
4599,625360,9.72
4600,624984,9.85
4601,629495,9.85
4602,551162,9.85
4603,606741,8.95
4604,626362,9.85
4605,620091,9.75
4606,600292,9.85
4607,626991,9.86
4608,518894,9.86
4609,586065,9.85
4610,604759,9.78
4611,592699,9.87
4612,609392,9.85
4613,577046,9.81
4614,627199,9.82
4615,421356,9.87
4616,607030,9.86
4617,551882,9.78
4618,266842,9.85
4619,568762,9.74
4620,613075,9.8
4621,621256,9.82
4622,600291,9.85
4623,595181,9.83
4624,229152,9.81
4625,621274,9.72
4626,610762,9.66
4627,472925,9.85
4628,413376,9.87
4629,602335,9.71
4630,592719,9.86
4631,607688,9.87
4632,585566,9.74
4633,537987,9.78
4634,450591,9.87
4635,529182,9.86
4636,490509,9.81
4637,531366,9.79
4638,604488,9.76
4639,442398,9.84
4640,566771,9.36
4641,552724,9.86
4642,227160,9.81
4643,355992,9.74
4644,302579,9.78
4645,556709,9.85
4646,134331,9.7
4647,398327,9.82
4648,580038,9.69
4649,567942,9.45
4650,449580,9.86
4651,574635,9.62
4652,434258,9.85
4653,411554,9.85
4654,537696,9.86
4655,356077,9.71
4656,553071,9.75
4657,559419,9.84
4658,555750,9.8
4659,561376,9.52
4660,552762,9.8
4661,129973,9.68
4662,496414,9.85
4663,357028,9.85
4664,527115,9.83
4665,238929,9.78
4666,533639,9.55
4667,541837,9.8
4668,457442,9.52
4669,68423,9.85
4670,188562,9.85
4671,459878,9.86
4672,510328,9.77
4673,368805,9.53
4674,355419,9.72
4675,502595,9.64
4676,513533,9.74
4677,496264,9.81
4678,309903,9.83
4679,419924,9.89
4680,242332,9.75
4681,503807,9.84
4682,424396,9.83
4683,466452,9.79
4684,495897,9.75
4685,392943,9.84
4686,474645,9.84
4687,457531,9.71
4688,395980,9.81
4689,15064,9.81
4690,466024,9.79
4691,471154,9.78
4692,281613,9.84
4693,448290,9.83
4694,469890,9.58
4695,190415,9.78
4696,99746,9.84
4697,270252,9.51
4698,319791,9.74
4699,179597,9.55
4700,264842,9.67
4701,318776,9.69
4702,92323,9.61
4703,590668,9.5
4704,775225,9.9
4705,768347,9.7
4706,772408,9.76
4707,769025,9.88
4708,770963,9.75
4709,780808,9.9
4710,676977,9.78
4711,680949,9.71
4712,767676,9.88
4713,151594,9.79
4714,779264,8.87
4715,751722,9.86
4716,750510,9.86
4717,788742,8.53
4718,787347,9.74
4719,259033,9.87
4720,759080,9.94
4721,695377,9.16
4722,793033,9.57
4723,789819,9.74
4724,742462,9.72
4725,694457,9.79
4726,739343,9.91
4727,739767,9.66
4728,771412,9.77
4729,753982,9.92
4730,696751,9.82
4731,750498,9.43
4732,792287,8.56
4733,745132,8.75
4734,776987,9.82
4735,787297,9.3
4736,777721,9.8
4737,736368,9.75
4738,789724,9.85
4739,731775,9.89
4740,740498,9.92
4741,696190,9.84
4742,658375,9.84
4743,577099,9.86
4744,786126,9.93
4745,791934,9.83
4746,769078,9.3
4747,792309,9.22
4748,766848,9.94
4749,641817,9.9
4750,469363,9.87
4751,772265,9.85
4752,728757,9.75
4753,753389,9.91
4754,786583,8.67
4755,726947,9.89
4756,560084,9.84
4757,757097,9.77
4758,725573,9.85
4759,773262,9.55
4760,768113,9.89
4761,774882,9.92
4762,725931,9.86
4763,773477,9.86
4764,762031,9.72
4765,749432,9.89
4766,785561,9.67
4767,763762,9.52
4768,785964,9.7
4769,670588,9.9
4770,782772,9.47
4771,396558,9.9
4772,774959,9.85
4773,716921,9.89
4774,781414,8.21
4775,760291,9.9
4776,662261,9.89
4777,564939,9.62
4778,745226,9.29
4779,726223,9.39
4780,710021,9.88
4781,725551,9.89
4782,714766,9.9
4783,726849,9.9
4784,740504,9.4
4785,751041,8.67
4786,619959,9.86
4787,753442,9.71
4788,729292,9.69
4789,639103,9.78
4790,652979,9.36
4791,754140,9.74
4792,756416,9.52
4793,684944,9.89
4794,719004,9.78
4795,707284,9.9
4796,707337,9.89
4797,432405,8.85
4798,758437,9.53
4799,741486,8.96
4800,615398,9.86
4801,650919,9.59
4802,751044,8.95
4803,704479,9.88
4804,736035,9.83
4805,702873,9.88
4806,697389,9.49
4807,668892,9.78
4808,676897,9.9
4809,695213,9.71
4810,754442,9.06
4811,580051,9.73
4812,620385,9.88
4813,716510,9.25
4814,752553,9.77
4815,705351,9.74
4816,733799,9.83
4817,630220,9.89
4818,751467,8.67
4819,696233,9.88
4820,732504,9.89
4821,729714,9.77
4822,697944,9.79
4823,740485,9.71
4824,709664,9.89
4825,664334,9.87
4826,77922,9.72
4827,718842,9.85
4828,740118,9.91
4829,745141,9.45
4830,731061,9.9
4831,689516,9.66
4832,650221,9.43
4833,700068,8.81
4834,738692,9.06
4835,63660,9.77
4836,684245,9.65
4837,718025,9.88
4838,695821,8.83
4839,647674,9.82
4840,732979,9.85
4841,731947,9.78
4842,695190,9.52
4843,689851,9.88
4844,727868,8.84
4845,691180,9.58
4846,736498,9.45
4847,729646,9.89
4848,700020,9.88
4849,730723,9.79
4850,712829,8.58
4851,667870,9.9
4852,709020,9.76
4853,405393,9.9
4854,705715,9.81
4855,727120,9.68
4856,717924,9.9
4857,719297,9.87
4858,62736,9.88
4859,711213,9.53
4860,702228,9.89
4861,688336,9.9
4862,710152,9.86
4863,722400,9.64
4864,699394,9.87
4865,616660,9.87
4866,686451,9.9
4867,720865,9.58
4868,727730,9.77
4869,712288,9.85
4870,689019,9.78
4871,704177,9.8
4872,702895,9.48
4873,545533,9.77
4874,610847,9.87
4875,694281,9.88
4876,638927,9.89
4877,670883,9.81
4878,708926,9.86
4879,678392,9.61
4880,684452,9.84
4881,704088,9.89
4882,722159,9.59
4883,504990,9.85
4884,718929,9.88
4885,703129,9.89
4886,661452,9.87
4887,704561,9.79
4888,468821,9.85
4889,654376,9.81
4890,584696,9.88
4891,697941,9.75
4892,710349,9.55
4893,716448,9.52
4894,700403,9.63
4895,395012,9.84
4896,704344,9.64
4897,697285,9.89
4898,696489,9.82
4899,669931,9.82
4900,706120,9.88
4901,547641,9.75
4902,703333,9.45
4903,57013,9.52
4904,695745,9.89
4905,700162,9.88
4906,659766,9.85
4907,684760,9.71
4908,706737,9.88
4909,704524,9.89
4910,320353,9.74
4911,710320,9.23
4912,645601,9.79
4913,709736,9.88
4914,707309,9.77
4915,688564,9.87
4916,703831,9.88
4917,626028,9.78
4918,702867,9.54
4919,563250,9.86
4920,635401,9.86
4921,704010,9.83
4922,660580,9.89
4923,663273,9.9
4924,700864,9.27
4925,677106,9.86
4926,688793,9.73
4927,256851,9.8
4928,698381,9.83
4929,641818,9.87
4930,695233,9.87
4931,564674,9.86
4932,513303,9.01
4933,474640,9.72
4934,691818,9.76
4935,666075,9.88
4936,621263,9.8
4937,113092,9.58
4938,692525,9.74
4939,601290,9.84
4940,690346,9.84
4941,569322,9.36
4942,537254,9.89
4943,640546,9.77
4944,687824,9.36
4945,692665,9.86
4946,697293,9.66
4947,654800,9.62
4948,395713,9.84
4949,681297,9.89
4950,692161,9.64
4951,657511,9.88
4952,8345,8.81
4953,576081,9.85
4954,624240,9.13
4955,575974,9.78
4956,217003,9.88
4957,492499,9.82
4958,613047,9.68
4959,585796,9.87
4960,664352,9.86
4961,677178,9.87
4962,636736,9.87
4963,686255,9.86
4964,517287,8.64
4965,674183,9.03
4966,515626,9.75
4967,8347,9.76
4968,680608,9.86
4969,641247,9.85
4970,653153,9.83
4971,563532,9.47
4972,639039,9.85
4973,637810,9.87
4974,552140,9.85
4975,661416,9.74
4976,674571,9.85
4977,662030,9.83
4978,629124,9.85
4979,655066,9.75
4980,617031,9.87
4981,636278,9.85
4982,607885,9.55
4983,139880,9.75
4984,485250,9.86
4985,672027,9.81
4986,645058,9.86
4987,651964,9.52
4988,212308,9.02
4989,617977,9.87
4990,618667,9.5
4991,517610,9.87
4992,50005,9.37
4993,579121,9.86
4994,483837,9.85
4995,650375,9.84
4996,650264,9.85
4997,255075,9.7
4998,650298,9.76
4999,586138,9.87
5000,660010,9.85
5001,660090,9.85
5002,625534,9.85
5003,637249,9.81
5004,641814,9.84
5005,565004,9.87
5006,568958,9.63
5007,654035,9.69
5008,609851,9.51
5009,652233,9.86
5010,653179,9.74
5011,601715,9.88
5012,636777,9.86
5013,647543,9.85
5014,646378,9.86
5015,504808,9.86
5016,613195,9.85
5017,628340,9.85
5018,636567,9.85
5019,622483,9.76
5020,509253,9.68
5021,375604,9.49
5022,642155,9.82
5023,618312,9.85
5024,472735,9.87
5025,589791,9.87
5026,384311,9.81
5027,339817,9.82
5028,616882,9.86
5029,528426,9.73
5030,553083,9.86
5031,84762,9.86
5032,552954,9.75
5033,629495,9.85
5034,563736,9.73
5035,76662,9.75
5036,586065,9.85
5037,583515,9.84
5038,552959,9.85
5039,605242,9.78
5040,619340,9.85
5041,421356,9.87
5042,505872,9.82
5043,568762,9.74
5044,58149,8.8
5045,613972,9.63
5046,501814,9.71
5047,482450,9.64
5048,611732,9.83
5049,50855,9.61
5050,554584,9.86
5051,621274,9.72
5052,593806,9.72
5053,584830,9.62
5054,553226,9.75
5055,556538,9.86
5056,614517,9.79
5057,559166,9.87
5058,566485,9.82
5059,500035,9.85
5060,602180,9.85
5061,568152,9.85
5062,124880,9.66
5063,513302,9.84
5064,524790,9.57
5065,559738,9.78
5066,591084,9.87
5067,562862,9.68
5068,589699,9.79
5069,594321,9.72
5070,591250,9.88
5071,593007,9.73
5072,580038,9.69
5073,347418,9.81
5074,545019,9.86
5075,508830,9.31
5076,284636,9.85
5077,50088,6.86
5078,449580,9.86
5079,436274,9.83
5080,420943,9.77
5081,434258,9.85
5082,513252,9.86
5083,62955,9.8
5084,371020,9.75
5085,559419,9.84
5086,145545,9.79
5087,129973,9.68
5088,504378,9.84
5089,529667,9.85
5090,501790,9.8
5091,317992,9.86
5092,504579,9.8
5093,523310,9.78
5094,510328,9.77
5095,248012,8.65
5096,15058,9.85
5097,520229,9.69
5098,466666,9.84
5099,502595,9.64
5100,30847,8.99
5101,412791,9.44
5102,493404,9.67
5103,128561,9.81
5104,448178,9.83
5105,420645,9.86
5106,371784,9.85
5107,395963,9.41
5108,340152,9.82
5109,281613,9.84
5110,15055,8.44
5111,318761,9.61
5112,34265,9.5
5113,259849,9.51
5114,99650,9.42
5115,82722,9.57
5116,763576,9.84
5117,698916,9.85
5118,793120,8.9
5119,770506,9.68
5120,790376,9.66
5121,779895,8.95
5122,750849,9.84
5123,779878,9.84
5124,778214,9.54
5125,792361,9.45
5126,766369,9.64
5127,788152,9.89
5128,666779,9.73
5129,755644,9.74
5130,782821,9.58
5131,722221,9.51
5132,761935,9.05
5133,792590,8.76
5134,779505,9.3
5135,792374,9.35
5136,764981,9.88
5137,767100,9.62
5138,676318,9.59
5139,790743,9.75
5140,789971,8.42
5141,785466,9.61
5142,787297,9.3
5143,767646,9.63
5144,791160,9.67
5145,789724,9.85
5146,788319,9.8
5147,762851,9.37
5148,733443,9.82
5149,714244,9.9
5150,780877,9.65
5151,792063,9.84
5152,767645,9.49
5153,777834,9.26
5154,790117,9.58
5155,670256,9.9
5156,778539,9.47
5157,785043,9.03
5158,766995,9.57
5159,766257,9.66
5160,784458,9.59
5161,767025,9.6
5162,786571,8.65
5163,716624,9.87
5164,702428,9.75
5165,788514,9.6
5166,769194,9.74
5167,647043,9.71
5168,240021,9.87
5169,767901,9.48
5170,752229,9.62
5171,787068,9.55
5172,787417,8.46
5173,725119,9.37
5174,767339,9.66
5175,755631,9.76
5176,736660,9.82
5177,740417,9.28
5178,767872,9.6
5179,766096,9.81
5180,774701,9.76
5181,763544,9.83
5182,775635,9.88
5183,747247,9.34
5184,744896,9.62
5185,755977,8.72
5186,767793,9.53
5187,777514,8.5
5188,767559,9.44
5189,742168,9.09
5190,620242,9.86
5191,618334,9.84
5192,739882,9.86
5193,765236,9.75
5194,752341,9.62
5195,775305,9.15
5196,721680,9.59
5197,764100,9.62
5198,769738,9.66
5199,766081,9.65
5200,769250,9.88
5201,738932,9.28
5202,628885,9.86
5203,767600,9.56
5204,766512,9.59
5205,768012,9.62
5206,759387,9.23
5207,763087,9.62
5208,761818,9.57
5209,765332,9.37
5210,762258,9.84
5211,687771,9.74
5212,768527,9.66
5213,767946,9.17
5214,718912,9.79
5215,743385,9.49
5216,703821,9.88
5217,710981,9.84
5218,718741,9.9
5219,742562,9.45
5220,731561,9.77
5221,718982,9.8
5222,714658,9.85
5223,747711,9.77
5224,726760,9.87
5225,731498,9.82
5226,753822,9.61
5227,726695,9.88
5228,726284,9.67
5229,732285,9.61
5230,701286,9.74
5231,677703,9.86
5232,735990,9.53
5233,550589,9.42
5234,714781,9.89
5235,738950,9.77
5236,752044,9.2
5237,734317,9.76
5238,710723,9.31
5239,749807,9.28
5240,77922,9.72
5241,720291,9.89
5242,745626,9.33
5243,724410,9.74
5244,720138,9.63
5245,720824,9.26
5246,728672,9.86
5247,664723,9.65
5248,728763,9.52
5249,729957,9.72
5250,568993,9.82
5251,723541,9.84
5252,718960,9.55
5253,738621,9.86
5254,736054,9.76
5255,689851,9.88
5256,735817,9.51
5257,736380,9.74
5258,730583,9.47
5259,705034,9.62
5260,705981,9.88
5261,601226,9.82
5262,708371,9.89
5263,729995,9.19
5264,729246,9.82
5265,731056,9.86
5266,724516,8.28
5267,719186,9.3
5268,718983,9.83
5269,718414,9.76
5270,726104,8.85
5271,718653,9.81
5272,718481,9.63
5273,711961,9.84
5274,717541,9.88
5275,698963,9.83
5276,724547,9.02
5277,701935,9.78
5278,718420,9.56
5279,642133,9.67
5280,703277,9.83
5281,709445,9.58
5282,718735,9.81
5283,705780,9.59
5284,710451,9.59
5285,653217,9.15
5286,473907,9.89
5287,378338,9.72
5288,706060,9.89
5289,550145,9.55
5290,709101,9.89
5291,708179,9.8
5292,704772,9.86
5293,677446,9.88
5294,708065,9.89
5295,660391,9.81
5296,559381,9.83
5297,318997,9.76
5298,696925,9.66
5299,669839,9.84
5300,701506,9.48
5301,684050,9.79
5302,700421,9.8
5303,700602,9.51
5304,697626,9.42
5305,684164,9.87
5306,675548,9.51
5307,53198,9.76
5308,684964,9.76
5309,694996,9.44
5310,694933,9.86
5311,687796,9.72
5312,640958,9.59
5313,630616,9.84
5314,683550,9.8
5315,627627,9.83
5316,687797,9.89
5317,68287,9.82
5318,567749,9.85
5319,678166,9.85
5320,629729,9.54
5321,680876,9.75
5322,664482,9.59
5323,677019,9.52
5324,572330,9.53
5325,686023,9.55
5326,676967,9.65
5327,630021,9.72
5328,628300,9.85
5329,656314,9.6
5330,620077,9.85
5331,617031,9.87
5332,443185,9.85
5333,649039,9.82
5334,666079,9.6
5335,454462,9.85
5336,589686,9.74
5337,653878,9.5
5338,635237,9.85
5339,577725,9.66
5340,167751,8.71
5341,664659,9.83
5342,629791,9.78
5343,615808,9.85
5344,650706,9.62
5345,636783,9.82
5346,637971,9.1
5347,579817,9.86
5348,563964,9.87
5349,628234,9.85
5350,626248,9.86
5351,581937,9.87
5352,621539,9.88
5353,579572,9.86
5354,485299,9.76
5355,229530,9.8
5356,622477,9.87
5357,632395,9.84
5358,467099,9.86
5359,613536,9.82
5360,146991,9.54
5361,578174,9.85
5362,597980,9.49
5363,580049,9.82
5364,390796,9.75
5365,585794,9.84
5366,607434,9.47
5367,105214,9.81
5368,553922,9.85
5369,481901,9.82
5370,601257,9.76
5371,569370,9.49
5372,134331,9.7
5373,558454,9.84
5374,587514,9.41
5375,567942,9.45
5376,494868,9.85
5377,388030,9.84
5378,572180,9.71
5379,71248,9.62
5380,369942,9.86
5381,515163,9.79
5382,78166,9.59
5383,553063,9.83
5384,517656,9.85
5385,552745,8.66
5386,519053,9.54
5387,479506,9.73
5388,265687,9.4
5389,498632,9.8
5390,501337,9.86
5391,483421,9.79
5392,390364,9.76
5393,336927,9.56
5394,331368,9.71
5395,458510,9.79
5396,405993,9.62
5397,35632,9.26
5398,337174,9.77
5399,270252,9.51
5400,423570,9.8
5401,313406,9.77
5402,62592,9.77
5403,31618,8.85
5404,771758,9.88
5405,783177,9.88
5406,655184,9.85
5407,721985,9.68
5408,722660,9.77
5409,788700,9.9
5410,768410,9.77
5411,670401,9.81
5412,732686,8.95
5413,654909,9.74
5414,791587,9.57
5415,736000,9.75
5416,631444,9.74
5417,777086,9.79
5418,786503,9.64
5419,729726,9.14
5420,777710,9.82
5421,729606,9.6
5422,783574,9.85
5423,726786,9.9
5424,722368,9.77
5425,784610,9.66
5426,740931,9.72
5427,776088,9.47
5428,768587,9.88
5429,752253,9.83
5430,708689,9.86
5431,754140,9.74
5432,765419,9.18
5433,767444,8.81
5434,703182,9.84
5435,704098,9.88
5436,756749,9.89
5437,638359,9.45
5438,709438,9.44
5439,737061,9.85
5440,726268,9.01
5441,744469,7.78
5442,723557,9.88
5443,745099,9.2
5444,733987,9.88
5445,724410,9.74
5446,742698,9.58
5447,644830,9.84
5448,733303,9.89
5449,729861,9.19
5450,739960,9.71
5451,739222,9.15
5452,678389,9.88
5453,732979,9.85
5454,738187,9.57
5455,624826,9.88
5456,715104,9.75
5457,733405,9.4
5458,695532,9.82
5459,728934,9.9
5460,718309,9.88
5461,711164,9.66
5462,709602,9.87
5463,711049,9.89
5464,703298,9.85
5465,707570,9.85
5466,702298,8.07
5467,700279,9.9
5468,395407,9.87
5469,530874,9.74
5470,627296,9.85
5471,618729,9.84
5472,661576,9.85
5473,653311,9.86
5474,664356,9.87
5475,622175,9.85
5476,357260,9.86
5477,666179,9.87
5478,589686,9.74
5479,604882,9.61
5480,642726,9.85
5481,522839,9.86
5482,536090,9.8
5483,620219,9.85
5484,360563,9.7
5485,636078,9.86
5486,626892,9.78
5487,617956,9.87
5488,631677,9.86
5489,630288,9.86
5490,646154,9.83
5491,428582,9.44
5492,383577,9.48
5493,551162,9.85
5494,445450,9.81
5495,626606,9.64
5496,500152,9.85
5497,565551,9.81
5498,607434,9.47
5499,355992,9.74
5500,476014,9.56
5501,396526,9.86
5502,226015,9.78
5503,496976,9.51
5504,521219,9.81
5505,257225,9.78
5506,362151,9.65
5507,472430,9.86
5508,346279,9.75
5509,478556,9.77
5510,324226,9.76
5511,464893,9.81
5512,88910,9.84
5513,362733,9.6
5514,280629,9.76
5515,699813,7.92
5516,15067,9.71
5517,792424,8.74
5518,772171,9.7
5519,792314,8.69
5520,779683,9.7
5521,792304,8.16
5522,792312,8.68
5523,758123,9.82
5524,779856,8.63
5525,732446,9.33
5526,784363,8.93
5527,716651,9.86
5528,757220,9.7
5529,700533,9.5
5530,773929,9.44
5531,772127,9.12
5532,733402,9.79
5533,720220,9.85
5534,715640,9.54
5535,760145,9.47
5536,756791,9.66
5537,746666,9.55
5538,703182,9.84
5539,670579,9.57
5540,737419,9.77
5541,745690,8.95
5542,681452,9.61
5543,735708,8.5
5544,712628,9.51
5545,742282,9.44
5546,714803,9.09
5547,713350,9.54
5548,701214,9.62
5549,661459,9.73
5550,714207,8.75
5551,713920,8.96
5552,714302,8.63
5553,714316,9.04
5554,640837,9.58
5555,713727,5.98
5556,555996,9.69
5557,614651,9.73
5558,566460,5.51
5559,715392,8.64
5560,699652,9.25
5561,696360,9.68
5562,379105,9.78
5563,689048,9.82
5564,700013,8.93
5565,663663,9.83
5566,661880,9.63
5567,651702,9.8
5568,621555,8.58
5569,577683,9.59
5570,652049,9.74
5571,663670,7.67
5572,641466,9.68
5573,428582,9.44
5574,607175,9.49
5575,620971,9.79
5576,315209,9.64
5577,571253,9.8
5578,525053,9.85
5579,341379,9.83
5580,554043,9.58
5581,467169,9.66
5582,490517,9.5
5583,440097,9.77
5584,443601,9.7
